INSERT INTO Insotitori(Iid, Nume, Telefon)
VALUES
(1, 'Maria Gavril','0765435985'),
(2, 'Victor Iovan','0736589458'),
(3, 'Ana Onofrei','0768545876'),
(4, 'Laura Mihai','0755842356'),
(5, 'Ioan Hosu','0721546958')

INSERT INTO Asociatii(Aid, Denumire)
VALUES
(1, 'GT Lamaseni'),
(2, 'ATOR Zoitani'),
(3, 'ATOR Targu Neamt'),
(4, 'GT Putna'),
(5, 'ATOR Iasi')

INSERT INTO Moderatori(Mid, Nume, Telefon, Data_n)
VALUES
(101,'Marius Pijin','0765894851','1979-05-12'),
(102,'Maria Pelea','0768234990','1987-06-7'),
(103,'Iustin Agape','0769532486','1990-07-13'),
(104,'Teodor Cenusa','0736486249','1988-04-26'),
(105,'Ciprian Florea','0734568125',null),
(106,'Alex Marginean','0734521589',null),
(107,'Andrei Stoica','0769852364',null)


INSERT INTO Grupe(Gid,Denumire)
VALUES 
(101,'Gr. Ernest Bernea'),
(102,'Gr. Valeriu Gafencu'),
(103,'Gr. Sofian Boghiu'), 
(104,'Gr. Gheorghe Calciu'),
(105,'Gr. Nicodim Mandita'),
(106,'Gr. Nicolae Steinhardt'),
(107,'Gr. Ilarion Felea')

INSERT INTO Participanti(Pid, Aid, Gid, Nume, Data_n)
VALUES
(1001,1,101,'Teofana Enachioiu','1998-04-11'),
(1002,1,102,'Petruta Edu','2000-06-20'),
(1003,1,103,'Georgiana Arsene','2000-11-27'),
(1004,1,104,'Ramona Todirica','1999-02-10'),
(1005,1,105,'Dana Arseni','1999-04-30'),
(1006,2,106,'Andreea Zvancu','1997-05-15'),
(1007,2,107,'Stefan Bucur','1998-09-19'),
(1008,2,101,'Cezar Pica','1997-08-25'),
(1009,2,102,'Alexandru Miron','1997-03-26'),
(1010,2,103,'Paula Amariei','1997-10-1'),
(1011,2,104,'Casian Rusu','2000-07-20'),
(1012,2,105,'Codrin Sava','1998-07-21'),
(1013,3,106,'Adrian Atanasoaie','1997-05-22'),
(1014,3,107,'Maria Apostol','2001-08-11'),
(1015,3,101,'Raluca Sofia','2000-07-23'),
(1016,3,102,'Alisa Ungureanu','1998-12-30'),
(1017,3,103,'Andrei Bruma','1997-07-21'),
(1018,3,104,'Paul Simion','1998-11-7'),
(1019,3,105,'Denisa Nechita','1997-01-19'),
(1020,3,106,'Priscila Moldovan','1997-07-20'),
(1021,4,107,'Taisia Mihoc','1998-05-11'),
(1022,4,101,'Agota Lupescu','1998-03-31'),
(1023,4,102,'Gabriela Stratu','1999-07-25'),
(1024,4,103,'Calista Iurescu','1998-07-22'),
(1025,4,104,'Dragos Candrea','2000-08-26'),
(1026,4,105,'David Ursache','1998-05-5'),
(1027,4,106,'Carla Sosoi','1998-07-6'),
(1028,5,107,'Ionut Judele','1997-10-12'),
(1029,5,101,'Ilaria Iova','1999-12-19'),
(1030,5,102,'Alex Gherman','1999-06-25'),
(1031,5,103,'Laur Oniciuc','1997-02-16'),
(1032,5,104,'Matei Sandu','1999-11-13'),
(1033,5,105,'Emanuel Pricop','1997-02-27'),
(1034,5,106,'Anisia Nistor','2000-07-19'),
(1035,5,107,'Demetera Hilhor','2000-09-21')

INSERT INTO Cazari(Cid,Locatie, NrLocuri)
VALUES
(51,'Cort 1',4),
(52,'Cort 2',4),
(53,'Cort 3',4),
(54,'Cort 4',4),
(55,'Cort 5',4),
(56,'Cabana',15)

INSERT INTO Cereri(Aid,Cid)
VALUES
(1,56),
(2,56),
(3,51),
(3,52),
(4,56),
(4,53),
(5,54),
(5,55)

INSERT INTO Evenimente(Eid, Denumire, Data_ev, Ora)
VALUES
(1,'Festivitate deschidere','2018-07-20','18:00:00'),
(2,'Cina 1','2018-07-20','20:00:00'),
(3,'Proiectie Film','2018-07-20','21:00:00'),
(4,'Micul dejun 1','2018-07-21','8:00:00'),
(5,'Sesiune de discutii 1','2018-07-21','9:00:00'),
(6,'Pranz 1','2018-07-21','12:00:00'),
(7,'Sesiune de discutii 2','2018-07-21','13:00:00'),
(8,'Danseaza cu Raj','2018-07-21',null),
(9,'Folk cu Magda Puskas','2018-07-21',null),
(10,'Pictura','2018-07-21',null),
(11,'Olarit','2018-07-21',null),
(12,'Origami','2018-07-21',null),
(13,'Cina 2','2018-07-21','20:00:00'),
(14,'Micul dejun 2','2018-07-22','8:00:00'),
(15,'Sesiune de discutii 3','2018-07-22','9:00:00'),
(16,'Pranz 2','2018-07-22','12:00:00'),
(17,'Conferinta in Teatru de Vara','2018-07-22','14:00:00'),
(18,'Fotbal','2018-07-22',null),
(19,'Volei','2018-07-22',null),
(20,'Bashet','2018-07-22',null),
(21,'Tenis','2018-07-22',null),
(22,'Tir cu arcul','2018-07-22',null),
(23,'Cina 3','2018-07-22','19:00:00'),
(24,'Spectacol','2018-07-22','20:00:00'),
(25,'Micul dejun 3','2018-07-23','8:00:00'),
(26,'Jocuri','2018-07-23','9:30:00'),
(27,'Pranz 3','2018-07-23','12:30:00'),
(28,'Vanatoare de comori','2018-07-23','13:00:00'),
(29,'Cina 4','2018-07-23','18:00:00'),
(30,'Concluzii in plen','2018-03-23','19:00:00')


INSERT INTO Voluntari(Vid, Nume, Data_n)
VALUES 
(110,'Anca Petrescu',null),
(111,'Vladimir Duca','1995-07-20'),
(112,'Sebastian Andries','1994-05-12'),
(113,'Flavia Mihaila','1996-03-11'),
(114,'Raj Balint',null),
(115,'Alina Iosuf',null),
(116,'Magda Puskas',null),
(117,'Valeria Pinticanu',null),
(118,'Razvan Pascu',null),
(119,'Amalia Stoica',null),
(120,'Catalin Hosu',null),
(121,'Tudor Anchidin',null),
(122,'Narcis Andrei',null),
(123,'Codruta Maps',null),
(124,'Adrian Dima',null),
(125,'Anastasia Stan',null),
(126,'Cornelia Grigoras',null),
(127,'Irina Maxim',null),
(128,'Larisa Balan',null),
(129,'Melania Iacob',null),
(130,'Marciana Chiriac',null),
(131,'Drimitrie Nicula',null),
(132,'Victor Petre',null),
(133,'Simona Avram',null),
(134,'Carmen Dediu',null),
(135,'Valeria Constantin',null)

INSERT INTO Contracte(Eid, Vid)
VALUES
(1,110),(1,111),
(2,112),(2,113),(2,114),(2,115),(2,116),
(3,117),(3,118),
(4,119),(4,120),(4,121),(4,122),(4,123),
(5,124),(5,125),
(6,126),(6,127),(6,128),(6,129),(6,130),
(7,131),(7,132),
(8,114),(8,133),
(9,116),
(10,134),(10,135),
(11,110),(11,123),
(12,125),(12,115),
(13,117),(13,126),(13,128),(13,112),(13,133),
(14,126),(14,135),(14,119),(14,129),(14,120),
(15,130),(15,110),
(16,127),(16,116),(16,114),(16,134),(16,130),
(17,129),(17,130),
(18,112),(18,119),
(19,135),(19,123),
(20,135),(20,119),
(21,129),(21,132),
(22,120),(22,110),
(23,116),(23,129),(23,132),(23,131),(23,115),
(24,110),(24,111),
(25,117),(24,119),(25,127),(24,129),(24,125),
(26,134),(26,114),(26,112),
(27,117),(27,119),(27,127),(27,129),(27,125),
(28,135),(28,119),(28,129),(28,132),(28,120),(28,117),
(29,117),(29,126),(29,128),(29,112),(29,133),
(30,110),(30,111)

INSERT INTO Inscrieri(Gid, Eid)
VALUES
(101,1),(101,2),(101,3),(101,4),(101,6),(101,7),(101,9),(101,10),(101,13),(101,14),(101,16),(101,19),(101,21),(101,23),(101,25),(101,26),(101,27),(101,29),(101,30),
(102,1),(102,2),(102,4),(102,5),(102,6),(102,8),(102,12),(102,13),(102,14),(102,15),(102,16),(102,17),(102,19),(102,23),(102,24),(102,25),(102,26),(102,27),(102,28),(102,29),(102,30),
(103,1),(103,2),(103,3),(103,4),(103,5),(103,6),(103,10),(103,13),(103,14),(103,15),(103,16),(103,21),(103,23),(103,24),(103,25),(103,26),(103,27),(103,28),(103,29),(103,30),
(104,1),(104,2),(104,3),(104,4),(104,5),(104,6),(104,11),(104,13),(104,14),(104,15),(104,16),(104,22),(104,23),(104,24),(104,25),(104,27),(104,28),(104,29),(104,30),
(105,1),(105,2),(105,3),(105,4),(105,5),(105,6),(105,9),(105,12),(105,13),(105,14),(105,16),(105,21),(105,23),(105,25),(105,26),(105,27),(105,28),(105,29),(105,30),
(106,1),(106,2),(106,3),(106,4),(106,5),(106,6),(106,7),(106,12),(106,13),(106,14),(106,15),(106,16),(106,21),(106,23),(106,25),(106,26),(106,27),(106,28),(106,29),(106,30),
(107,1),(107,2),(107,4),(107,5),(107,6),(107,7),(107,13),(107,14),(107,15),(107,16),(107,23),(107,25),(107,27),(107,28),(107,29),(107,30)