<?xml version="1.0" encoding="UTF-8"?>
<DEFECTS>
  <DEFECT>
    <SFA>
      <FILEPATH>d:\istvan\___oop\curs\curs7\petstorecosundo\consoleapplication4\</FILEPATH>
      <FILENAME>pet.h</FILENAME>
      <LINE>35</LINE>
      <COLUMN>1</COLUMN>
    </SFA>
    <DEFECTCODE>26432</DEFECTCODE>
    <DESCRIPTION>If you define or delete any default operation in the type 'class Pet', define or delete them all (c.21: http://go.microsoft.com/fwlink/?linkid=853922).</DESCRIPTION>
    <FUNCTION>Pet::{ctor}</FUNCTION>
    <DECORATED>??0Pet@@QAE@ABV0@@Z</DECORATED>
    <FUNCLINE>35</FUNCLINE>
    <PATH></PATH>
  </DEFECT>
  <DEFECT>
    <SFA>
      <FILEPATH>d:\istvan\___oop\curs\curs7\petstorecosundo\consoleapplication4\</FILEPATH>
      <FILENAME>pet.h</FILENAME>
      <LINE>53</LINE>
      <COLUMN>5</COLUMN>
    </SFA>
    <DEFECTCODE>26440</DEFECTCODE>
    <DESCRIPTION>Function 'Pet::getPrice' can be declared 'noexcept' (f.6: http://go.microsoft.com/fwlink/?linkid=853927).</DESCRIPTION>
    <FUNCTION>Pet::getPrice</FUNCTION>
    <DECORATED>?getPrice@Pet@@QBEHXZ</DECORATED>
    <FUNCLINE>53</FUNCLINE>
    <PATH></PATH>
  </DEFECT>
  <DEFECT>
    <SFA>
      <FILEPATH>d:\istvan\___oop\curs\curs7\petstorecosundo\consoleapplication4\</FILEPATH>
      <FILENAME>pet.h</FILENAME>
      <LINE>57</LINE>
      <COLUMN>6</COLUMN>
    </SFA>
    <DEFECTCODE>26440</DEFECTCODE>
    <DESCRIPTION>Function 'Pet::setPrice' can be declared 'noexcept' (f.6: http://go.microsoft.com/fwlink/?linkid=853927).</DESCRIPTION>
    <FUNCTION>Pet::setPrice</FUNCTION>
    <DECORATED>?setPrice@Pet@@QAEXH@Z</DECORATED>
    <FUNCLINE>57</FUNCLINE>
    <PATH></PATH>
  </DEFECT>
  <DEFECT>
    <SFA>
      <FILEPATH>d:\istvan\___oop\curs\curs7\petstorecosundo\consoleapplication4\</FILEPATH>
      <FILENAME>petrepo.h</FILENAME>
      <LINE>48</LINE>
      <COLUMN>25</COLUMN>
    </SFA>
    <DEFECTCODE>26440</DEFECTCODE>
    <DESCRIPTION>Function 'PetRepo::getAll' can be declared 'noexcept' (f.6: http://go.microsoft.com/fwlink/?linkid=853927).</DESCRIPTION>
    <FUNCTION>PetRepo::getAll</FUNCTION>
    <DECORATED>?getAll@PetRepo@@QBEABV?$vector@VPet@@V?$allocator@VPet@@@std@@@std@@XZ</DECORATED>
    <FUNCLINE>48</FUNCLINE>
    <PATH></PATH>
  </DEFECT>
  <DEFECT>
    <SFA>
      <FILEPATH>d:\istvan\___oop\curs\curs7\petstorecosundo\consoleapplication4\</FILEPATH>
      <FILENAME>petrepo.h</FILENAME>
      <LINE>13</LINE>
      <COLUMN>10</COLUMN>
    </SFA>
    <DEFECTCODE>26432</DEFECTCODE>
    <DESCRIPTION>If you define or delete any default operation in the type 'class PetRepo', define or delete them all (c.21: http://go.microsoft.com/fwlink/?linkid=853922).</DESCRIPTION>
    <FUNCTION>PetRepo::{dtor}</FUNCTION>
    <DECORATED>??1PetRepo@@UAE@XZ</DECORATED>
    <FUNCLINE>13</FUNCLINE>
    <PATH></PATH>
  </DEFECT>
  <DEFECT>
    <SFA>
      <FILEPATH>d:\istvan\___oop\curs\curs7\petstorecosundo\consoleapplication4\</FILEPATH>
      <FILENAME>undo.h</FILENAME>
      <LINE>8</LINE>
      <COLUMN>10</COLUMN>
    </SFA>
    <DEFECTCODE>26432</DEFECTCODE>
    <DESCRIPTION>If you define or delete any default operation in the type 'class ActiuneUndo', define or delete them all (c.21: http://go.microsoft.com/fwlink/?linkid=853922).</DESCRIPTION>
    <FUNCTION>ActiuneUndo::{dtor}</FUNCTION>
    <DECORATED>??1ActiuneUndo@@UAE@XZ</DECORATED>
    <FUNCLINE>8</FUNCLINE>
    <PATH></PATH>
  </DEFECT>
  <DEFECT>
    <SFA>
      <FILEPATH>d:\istvan\___oop\curs\curs7\petstorecosundo\consoleapplication4\</FILEPATH>
      <FILENAME>cospet.h</FILENAME>
      <LINE>20</LINE>
      <COLUMN>6</COLUMN>
    </SFA>
    <DEFECTCODE>26440</DEFECTCODE>
    <DESCRIPTION>Function 'CosPet::goleste' can be declared 'noexcept' (f.6: http://go.microsoft.com/fwlink/?linkid=853927).</DESCRIPTION>
    <FUNCTION>CosPet::goleste</FUNCTION>
    <DECORATED>?goleste@CosPet@@QAEXXZ</DECORATED>
    <FUNCLINE>20</FUNCLINE>
    <PATH></PATH>
  </DEFECT>
  <DEFECT>
    <SFA>
      <FILEPATH>d:\istvan\___oop\curs\curs7\petstorecosundo\consoleapplication4\</FILEPATH>
      <FILENAME>cospet.h</FILENAME>
      <LINE>34</LINE>
      <COLUMN>20</COLUMN>
    </SFA>
    <DEFECTCODE>26440</DEFECTCODE>
    <DESCRIPTION>Function 'CosPet::lista' can be declared 'noexcept' (f.6: http://go.microsoft.com/fwlink/?linkid=853927).</DESCRIPTION>
    <FUNCTION>CosPet::lista</FUNCTION>
    <DECORATED>?lista@CosPet@@QBEABV?$vector@VPet@@V?$allocator@VPet@@@std@@@std@@XZ</DECORATED>
    <FUNCLINE>34</FUNCLINE>
    <PATH></PATH>
  </DEFECT>
  <DEFECT>
    <SFA>
      <FILEPATH>d:\istvan\___oop\curs\curs7\petstorecosundo\consoleapplication4\</FILEPATH>
      <FILENAME>petservice.h</FILENAME>
      <LINE>20</LINE>
      <COLUMN>1</COLUMN>
    </SFA>
    <DEFECTCODE>26440</DEFECTCODE>
    <DESCRIPTION>Function 'PetController::PetController' can be declared 'noexcept' (f.6: http://go.microsoft.com/fwlink/?linkid=853927).</DESCRIPTION>
    <FUNCTION>PetController::{ctor}</FUNCTION>
    <DECORATED>??0PetController@@QAE@AAVPetRepo@@@Z</DECORATED>
    <FUNCLINE>20</FUNCLINE>
    <PATH></PATH>
  </DEFECT>
  <DEFECT>
    <SFA>
      <FILEPATH>d:\istvan\___oop\curs\curs7\petstorecosundo\consoleapplication4\</FILEPATH>
      <FILENAME>petservice.cpp</FILENAME>
      <LINE>34</LINE>
      <COLUMN>16</COLUMN>
    </SFA>
    <DEFECTCODE>26432</DEFECTCODE>
    <DESCRIPTION>If you define or delete any default operation in the type 'class PetController', define or delete them all (c.21: http://go.microsoft.com/fwlink/?linkid=853922).</DESCRIPTION>
    <FUNCTION>PetController::{dtor}</FUNCTION>
    <DECORATED>??1PetController@@QAE@XZ</DECORATED>
    <FUNCLINE>34</FUNCLINE>
    <PATH></PATH>
  </DEFECT>
  <DEFECT>
    <SFA>
      <FILEPATH>d:\istvan\___oop\curs\curs7\petstorecosundo\consoleapplication4\</FILEPATH>
      <FILENAME>petservice.cpp</FILENAME>
      <LINE>115</LINE>
      <COLUMN>1</COLUMN>
    </SFA>
    <DEFECTCODE>26412</DEFECTCODE>
    <DESCRIPTION>Do not dereference an invalid pointer (lifetimes rule 1). 'filtrat' was invalidated at line 114 by 'no initialization'.</DESCRIPTION>
    <FUNCTION>testFiltrare</FUNCTION>
    <DECORATED>?testFiltrare@@YAXXZ</DECORATED>
    <FUNCLINE>107</FUNCLINE>
    <PATH>
      <SFA>
        <FILEPATH>d:\istvan\___oop\curs\curs7\petstorecosundo\consoleapplication4\</FILEPATH>
        <FILENAME>petservice.cpp</FILENAME>
        <LINE>107</LINE>
        <COLUMN>5</COLUMN>
      </SFA>
      <SFA>
        <FILEPATH>d:\istvan\___oop\curs\curs7\petstorecosundo\consoleapplication4\</FILEPATH>
        <FILENAME>petservice.cpp</FILENAME>
        <LINE>108</LINE>
        <COLUMN>9</COLUMN>
      </SFA>
      <SFA>
        <FILEPATH>d:\istvan\___oop\curs\curs7\petstorecosundo\consoleapplication4\</FILEPATH>
        <FILENAME>petservice.cpp</FILENAME>
        <LINE>109</LINE>
        <COLUMN>15</COLUMN>
      </SFA>
      <SFA>
        <FILEPATH>d:\istvan\___oop\curs\curs7\petstorecosundo\consoleapplication4\</FILEPATH>
        <FILENAME>petservice.cpp</FILENAME>
        <LINE>110</LINE>
        <COLUMN>16</COLUMN>
      </SFA>
      <SFA>
        <FILEPATH>d:\istvan\___oop\curs\curs7\petstorecosundo\consoleapplication4\</FILEPATH>
        <FILENAME>petservice.cpp</FILENAME>
        <LINE>111</LINE>
        <COLUMN>16</COLUMN>
      </SFA>
      <SFA>
        <FILEPATH>d:\istvan\___oop\curs\curs7\petstorecosundo\consoleapplication4\</FILEPATH>
        <FILENAME>petservice.cpp</FILENAME>
        <LINE>112</LINE>
        <COLUMN>16</COLUMN>
      </SFA>
      <SFA>
        <FILEPATH>d:\istvan\___oop\curs\curs7\petstorecosundo\consoleapplication4\</FILEPATH>
        <FILENAME>petservice.cpp</FILENAME>
        <LINE>114</LINE>
        <COLUMN>18</COLUMN>
      </SFA>
      <SFA>
        <FILEPATH>d:\istvan\___oop\curs\curs7\petstorecosundo\consoleapplication4\</FILEPATH>
        <FILENAME>petservice.cpp</FILENAME>
        <LINE>115</LINE>
        <COLUMN>1</COLUMN>
      </SFA>
    </PATH>
  </DEFECT>
  <DEFECT>
    <SFA>
      <FILEPATH>d:\istvan\___oop\curs\curs7\petstorecosundo\consoleapplication4\</FILEPATH>
      <FILENAME>petservice.cpp</FILENAME>
      <LINE>116</LINE>
      <COLUMN>1</COLUMN>
    </SFA>
    <DEFECTCODE>26412</DEFECTCODE>
    <DESCRIPTION>Do not dereference an invalid pointer (lifetimes rule 1). 'filtrat' was invalidated at line 114 by 'no initialization'.</DESCRIPTION>
    <FUNCTION>testFiltrare</FUNCTION>
    <DECORATED>?testFiltrare@@YAXXZ</DECORATED>
    <FUNCLINE>107</FUNCLINE>
    <PATH>
      <SFA>
        <FILEPATH>d:\istvan\___oop\curs\curs7\petstorecosundo\consoleapplication4\</FILEPATH>
        <FILENAME>petservice.cpp</FILENAME>
        <LINE>107</LINE>
        <COLUMN>5</COLUMN>
      </SFA>
      <SFA>
        <FILEPATH>d:\istvan\___oop\curs\curs7\petstorecosundo\consoleapplication4\</FILEPATH>
        <FILENAME>petservice.cpp</FILENAME>
        <LINE>108</LINE>
        <COLUMN>9</COLUMN>
      </SFA>
      <SFA>
        <FILEPATH>d:\istvan\___oop\curs\curs7\petstorecosundo\consoleapplication4\</FILEPATH>
        <FILENAME>petservice.cpp</FILENAME>
        <LINE>109</LINE>
        <COLUMN>15</COLUMN>
      </SFA>
      <SFA>
        <FILEPATH>d:\istvan\___oop\curs\curs7\petstorecosundo\consoleapplication4\</FILEPATH>
        <FILENAME>petservice.cpp</FILENAME>
        <LINE>110</LINE>
        <COLUMN>16</COLUMN>
      </SFA>
      <SFA>
        <FILEPATH>d:\istvan\___oop\curs\curs7\petstorecosundo\consoleapplication4\</FILEPATH>
        <FILENAME>petservice.cpp</FILENAME>
        <LINE>111</LINE>
        <COLUMN>16</COLUMN>
      </SFA>
      <SFA>
        <FILEPATH>d:\istvan\___oop\curs\curs7\petstorecosundo\consoleapplication4\</FILEPATH>
        <FILENAME>petservice.cpp</FILENAME>
        <LINE>112</LINE>
        <COLUMN>16</COLUMN>
      </SFA>
      <SFA>
        <FILEPATH>d:\istvan\___oop\curs\curs7\petstorecosundo\consoleapplication4\</FILEPATH>
        <FILENAME>petservice.cpp</FILENAME>
        <LINE>114</LINE>
        <COLUMN>18</COLUMN>
      </SFA>
      <SFA>
        <FILEPATH>d:\istvan\___oop\curs\curs7\petstorecosundo\consoleapplication4\</FILEPATH>
        <FILENAME>petservice.cpp</FILENAME>
        <LINE>115</LINE>
        <COLUMN>1</COLUMN>
      </SFA>
      <SFA>
        <FILEPATH>d:\istvan\___oop\curs\curs7\petstorecosundo\consoleapplication4\</FILEPATH>
        <FILENAME>petservice.cpp</FILENAME>
        <LINE>116</LINE>
        <COLUMN>1</COLUMN>
      </SFA>
    </PATH>
  </DEFECT>
  <DEFECT>
    <SFA>
      <FILEPATH>d:\istvan\___oop\curs\curs7\petstorecosundo\consoleapplication4\</FILEPATH>
      <FILENAME>petservice.cpp</FILENAME>
      <LINE>114</LINE>
      <COLUMN>48</COLUMN>
    </SFA>
    <DEFECTCODE>26412</DEFECTCODE>
    <DESCRIPTION>Do not dereference an invalid pointer (lifetimes rule 1). 'filtrat' was invalidated at line 114 by 'no initialization'.</DESCRIPTION>
    <FUNCTION>testFiltrare</FUNCTION>
    <DECORATED>?testFiltrare@@YAXXZ</DECORATED>
    <FUNCLINE>107</FUNCLINE>
    <PATH>
      <SFA>
        <FILEPATH>d:\istvan\___oop\curs\curs7\petstorecosundo\consoleapplication4\</FILEPATH>
        <FILENAME>petservice.cpp</FILENAME>
        <LINE>107</LINE>
        <COLUMN>5</COLUMN>
      </SFA>
      <SFA>
        <FILEPATH>d:\istvan\___oop\curs\curs7\petstorecosundo\consoleapplication4\</FILEPATH>
        <FILENAME>petservice.cpp</FILENAME>
        <LINE>108</LINE>
        <COLUMN>9</COLUMN>
      </SFA>
      <SFA>
        <FILEPATH>d:\istvan\___oop\curs\curs7\petstorecosundo\consoleapplication4\</FILEPATH>
        <FILENAME>petservice.cpp</FILENAME>
        <LINE>109</LINE>
        <COLUMN>15</COLUMN>
      </SFA>
      <SFA>
        <FILEPATH>d:\istvan\___oop\curs\curs7\petstorecosundo\consoleapplication4\</FILEPATH>
        <FILENAME>petservice.cpp</FILENAME>
        <LINE>110</LINE>
        <COLUMN>16</COLUMN>
      </SFA>
      <SFA>
        <FILEPATH>d:\istvan\___oop\curs\curs7\petstorecosundo\consoleapplication4\</FILEPATH>
        <FILENAME>petservice.cpp</FILENAME>
        <LINE>111</LINE>
        <COLUMN>16</COLUMN>
      </SFA>
      <SFA>
        <FILEPATH>d:\istvan\___oop\curs\curs7\petstorecosundo\consoleapplication4\</FILEPATH>
        <FILENAME>petservice.cpp</FILENAME>
        <LINE>112</LINE>
        <COLUMN>16</COLUMN>
      </SFA>
      <SFA>
        <FILEPATH>d:\istvan\___oop\curs\curs7\petstorecosundo\consoleapplication4\</FILEPATH>
        <FILENAME>petservice.cpp</FILENAME>
        <LINE>114</LINE>
        <COLUMN>18</COLUMN>
      </SFA>
      <SFA>
        <FILEPATH>d:\istvan\___oop\curs\curs7\petstorecosundo\consoleapplication4\</FILEPATH>
        <FILENAME>petservice.cpp</FILENAME>
        <LINE>115</LINE>
        <COLUMN>1</COLUMN>
      </SFA>
      <SFA>
        <FILEPATH>d:\istvan\___oop\curs\curs7\petstorecosundo\consoleapplication4\</FILEPATH>
        <FILENAME>petservice.cpp</FILENAME>
        <LINE>116</LINE>
        <COLUMN>1</COLUMN>
      </SFA>
      <SFA>
        <FILEPATH>d:\istvan\___oop\curs\curs7\petstorecosundo\consoleapplication4\</FILEPATH>
        <FILENAME>petservice.cpp</FILENAME>
        <LINE>109</LINE>
        <COLUMN>18</COLUMN>
      </SFA>
      <SFA>
        <FILEPATH>d:\istvan\___oop\curs\curs7\petstorecosundo\consoleapplication4\</FILEPATH>
        <FILENAME>petservice.cpp</FILENAME>
        <LINE>108</LINE>
        <COLUMN>12</COLUMN>
      </SFA>
      <SFA>
        <FILEPATH>d:\istvan\___oop\curs\curs7\petstorecosundo\consoleapplication4\</FILEPATH>
        <FILENAME>petservice.cpp</FILENAME>
        <LINE>116</LINE>
        <COLUMN>1</COLUMN>
      </SFA>
      <SFA>
        <FILEPATH>d:\istvan\___oop\curs\curs7\petstorecosundo\consoleapplication4\</FILEPATH>
        <FILENAME>petservice.cpp</FILENAME>
        <LINE>114</LINE>
        <COLUMN>48</COLUMN>
      </SFA>
    </PATH>
  </DEFECT>
  <DEFECT>
    <SFA>
      <FILEPATH>d:\istvan\___oop\curs\curs7\petstorecosundo\consoleapplication4\</FILEPATH>
      <FILENAME>petservice.cpp</FILENAME>
      <LINE>109</LINE>
      <COLUMN>18</COLUMN>
    </SFA>
    <DEFECTCODE>26486</DEFECTCODE>
    <DESCRIPTION>Don't pass a pointer that may be invalid to a function. Parameter 1 'rep.{vfptr}' in call to 'PetController::PetController' may be invalid (lifetime.1: http://go.microsoft.com/fwlink/p/?LinkID=851958).</DESCRIPTION>
    <FUNCTION>testFiltrare</FUNCTION>
    <DECORATED>?testFiltrare@@YAXXZ</DECORATED>
    <FUNCLINE>107</FUNCLINE>
    <PATH>
      <SFA>
        <FILEPATH>d:\istvan\___oop\curs\curs7\petstorecosundo\consoleapplication4\</FILEPATH>
        <FILENAME>petservice.cpp</FILENAME>
        <LINE>108</LINE>
        <COLUMN>9</COLUMN>
      </SFA>
    </PATH>
  </DEFECT>
  <DEFECT>
    <SFA>
      <FILEPATH>d:\istvan\___oop\curs\curs7\petstorecosundo\consoleapplication4\</FILEPATH>
      <FILENAME>petservice.cpp</FILENAME>
      <LINE>126</LINE>
      <COLUMN>1</COLUMN>
    </SFA>
    <DEFECTCODE>26412</DEFECTCODE>
    <DESCRIPTION>Do not dereference an invalid pointer (lifetimes rule 1). 'v' was invalidated at line 125 by 'no initialization'.</DESCRIPTION>
    <FUNCTION>testSortare</FUNCTION>
    <DECORATED>?testSortare@@YAXXZ</DECORATED>
    <FUNCLINE>118</FUNCLINE>
    <PATH>
      <SFA>
        <FILEPATH>d:\istvan\___oop\curs\curs7\petstorecosundo\consoleapplication4\</FILEPATH>
        <FILENAME>petservice.cpp</FILENAME>
        <LINE>118</LINE>
        <COLUMN>5</COLUMN>
      </SFA>
      <SFA>
        <FILEPATH>d:\istvan\___oop\curs\curs7\petstorecosundo\consoleapplication4\</FILEPATH>
        <FILENAME>petservice.cpp</FILENAME>
        <LINE>119</LINE>
        <COLUMN>9</COLUMN>
      </SFA>
      <SFA>
        <FILEPATH>d:\istvan\___oop\curs\curs7\petstorecosundo\consoleapplication4\</FILEPATH>
        <FILENAME>petservice.cpp</FILENAME>
        <LINE>120</LINE>
        <COLUMN>15</COLUMN>
      </SFA>
      <SFA>
        <FILEPATH>d:\istvan\___oop\curs\curs7\petstorecosundo\consoleapplication4\</FILEPATH>
        <FILENAME>petservice.cpp</FILENAME>
        <LINE>121</LINE>
        <COLUMN>16</COLUMN>
      </SFA>
      <SFA>
        <FILEPATH>d:\istvan\___oop\curs\curs7\petstorecosundo\consoleapplication4\</FILEPATH>
        <FILENAME>petservice.cpp</FILENAME>
        <LINE>122</LINE>
        <COLUMN>16</COLUMN>
      </SFA>
      <SFA>
        <FILEPATH>d:\istvan\___oop\curs\curs7\petstorecosundo\consoleapplication4\</FILEPATH>
        <FILENAME>petservice.cpp</FILENAME>
        <LINE>123</LINE>
        <COLUMN>16</COLUMN>
      </SFA>
      <SFA>
        <FILEPATH>d:\istvan\___oop\curs\curs7\petstorecosundo\consoleapplication4\</FILEPATH>
        <FILENAME>petservice.cpp</FILENAME>
        <LINE>125</LINE>
        <COLUMN>18</COLUMN>
      </SFA>
      <SFA>
        <FILEPATH>d:\istvan\___oop\curs\curs7\petstorecosundo\consoleapplication4\</FILEPATH>
        <FILENAME>petservice.cpp</FILENAME>
        <LINE>126</LINE>
        <COLUMN>1</COLUMN>
      </SFA>
    </PATH>
  </DEFECT>
  <DEFECT>
    <SFA>
      <FILEPATH>d:\istvan\___oop\curs\curs7\petstorecosundo\consoleapplication4\</FILEPATH>
      <FILENAME>petservice.cpp</FILENAME>
      <LINE>127</LINE>
      <COLUMN>1</COLUMN>
    </SFA>
    <DEFECTCODE>26412</DEFECTCODE>
    <DESCRIPTION>Do not dereference an invalid pointer (lifetimes rule 1). 'v' was invalidated at line 125 by 'no initialization'.</DESCRIPTION>
    <FUNCTION>testSortare</FUNCTION>
    <DECORATED>?testSortare@@YAXXZ</DECORATED>
    <FUNCLINE>118</FUNCLINE>
    <PATH>
      <SFA>
        <FILEPATH>d:\istvan\___oop\curs\curs7\petstorecosundo\consoleapplication4\</FILEPATH>
        <FILENAME>petservice.cpp</FILENAME>
        <LINE>118</LINE>
        <COLUMN>5</COLUMN>
      </SFA>
      <SFA>
        <FILEPATH>d:\istvan\___oop\curs\curs7\petstorecosundo\consoleapplication4\</FILEPATH>
        <FILENAME>petservice.cpp</FILENAME>
        <LINE>119</LINE>
        <COLUMN>9</COLUMN>
      </SFA>
      <SFA>
        <FILEPATH>d:\istvan\___oop\curs\curs7\petstorecosundo\consoleapplication4\</FILEPATH>
        <FILENAME>petservice.cpp</FILENAME>
        <LINE>120</LINE>
        <COLUMN>15</COLUMN>
      </SFA>
      <SFA>
        <FILEPATH>d:\istvan\___oop\curs\curs7\petstorecosundo\consoleapplication4\</FILEPATH>
        <FILENAME>petservice.cpp</FILENAME>
        <LINE>121</LINE>
        <COLUMN>16</COLUMN>
      </SFA>
      <SFA>
        <FILEPATH>d:\istvan\___oop\curs\curs7\petstorecosundo\consoleapplication4\</FILEPATH>
        <FILENAME>petservice.cpp</FILENAME>
        <LINE>122</LINE>
        <COLUMN>16</COLUMN>
      </SFA>
      <SFA>
        <FILEPATH>d:\istvan\___oop\curs\curs7\petstorecosundo\consoleapplication4\</FILEPATH>
        <FILENAME>petservice.cpp</FILENAME>
        <LINE>123</LINE>
        <COLUMN>16</COLUMN>
      </SFA>
      <SFA>
        <FILEPATH>d:\istvan\___oop\curs\curs7\petstorecosundo\consoleapplication4\</FILEPATH>
        <FILENAME>petservice.cpp</FILENAME>
        <LINE>125</LINE>
        <COLUMN>18</COLUMN>
      </SFA>
      <SFA>
        <FILEPATH>d:\istvan\___oop\curs\curs7\petstorecosundo\consoleapplication4\</FILEPATH>
        <FILENAME>petservice.cpp</FILENAME>
        <LINE>126</LINE>
        <COLUMN>1</COLUMN>
      </SFA>
      <SFA>
        <FILEPATH>d:\istvan\___oop\curs\curs7\petstorecosundo\consoleapplication4\</FILEPATH>
        <FILENAME>petservice.cpp</FILENAME>
        <LINE>127</LINE>
        <COLUMN>1</COLUMN>
      </SFA>
    </PATH>
  </DEFECT>
  <DEFECT>
    <SFA>
      <FILEPATH>d:\istvan\___oop\curs\curs7\petstorecosundo\consoleapplication4\</FILEPATH>
      <FILENAME>petservice.cpp</FILENAME>
      <LINE>128</LINE>
      <COLUMN>1</COLUMN>
    </SFA>
    <DEFECTCODE>26412</DEFECTCODE>
    <DESCRIPTION>Do not dereference an invalid pointer (lifetimes rule 1). 'v' was invalidated at line 125 by 'no initialization'.</DESCRIPTION>
    <FUNCTION>testSortare</FUNCTION>
    <DECORATED>?testSortare@@YAXXZ</DECORATED>
    <FUNCLINE>118</FUNCLINE>
    <PATH>
      <SFA>
        <FILEPATH>d:\istvan\___oop\curs\curs7\petstorecosundo\consoleapplication4\</FILEPATH>
        <FILENAME>petservice.cpp</FILENAME>
        <LINE>118</LINE>
        <COLUMN>5</COLUMN>
      </SFA>
      <SFA>
        <FILEPATH>d:\istvan\___oop\curs\curs7\petstorecosundo\consoleapplication4\</FILEPATH>
        <FILENAME>petservice.cpp</FILENAME>
        <LINE>119</LINE>
        <COLUMN>9</COLUMN>
      </SFA>
      <SFA>
        <FILEPATH>d:\istvan\___oop\curs\curs7\petstorecosundo\consoleapplication4\</FILEPATH>
        <FILENAME>petservice.cpp</FILENAME>
        <LINE>120</LINE>
        <COLUMN>15</COLUMN>
      </SFA>
      <SFA>
        <FILEPATH>d:\istvan\___oop\curs\curs7\petstorecosundo\consoleapplication4\</FILEPATH>
        <FILENAME>petservice.cpp</FILENAME>
        <LINE>121</LINE>
        <COLUMN>16</COLUMN>
      </SFA>
      <SFA>
        <FILEPATH>d:\istvan\___oop\curs\curs7\petstorecosundo\consoleapplication4\</FILEPATH>
        <FILENAME>petservice.cpp</FILENAME>
        <LINE>122</LINE>
        <COLUMN>16</COLUMN>
      </SFA>
      <SFA>
        <FILEPATH>d:\istvan\___oop\curs\curs7\petstorecosundo\consoleapplication4\</FILEPATH>
        <FILENAME>petservice.cpp</FILENAME>
        <LINE>123</LINE>
        <COLUMN>16</COLUMN>
      </SFA>
      <SFA>
        <FILEPATH>d:\istvan\___oop\curs\curs7\petstorecosundo\consoleapplication4\</FILEPATH>
        <FILENAME>petservice.cpp</FILENAME>
        <LINE>125</LINE>
        <COLUMN>18</COLUMN>
      </SFA>
      <SFA>
        <FILEPATH>d:\istvan\___oop\curs\curs7\petstorecosundo\consoleapplication4\</FILEPATH>
        <FILENAME>petservice.cpp</FILENAME>
        <LINE>126</LINE>
        <COLUMN>1</COLUMN>
      </SFA>
      <SFA>
        <FILEPATH>d:\istvan\___oop\curs\curs7\petstorecosundo\consoleapplication4\</FILEPATH>
        <FILENAME>petservice.cpp</FILENAME>
        <LINE>127</LINE>
        <COLUMN>1</COLUMN>
      </SFA>
      <SFA>
        <FILEPATH>d:\istvan\___oop\curs\curs7\petstorecosundo\consoleapplication4\</FILEPATH>
        <FILENAME>petservice.cpp</FILENAME>
        <LINE>128</LINE>
        <COLUMN>1</COLUMN>
      </SFA>
    </PATH>
  </DEFECT>
  <DEFECT>
    <SFA>
      <FILEPATH>d:\istvan\___oop\curs\curs7\petstorecosundo\consoleapplication4\</FILEPATH>
      <FILENAME>petservice.cpp</FILENAME>
      <LINE>131</LINE>
      <COLUMN>1</COLUMN>
    </SFA>
    <DEFECTCODE>26412</DEFECTCODE>
    <DESCRIPTION>Do not dereference an invalid pointer (lifetimes rule 1). 'v2' was invalidated at line 130 by 'no initialization'.</DESCRIPTION>
    <FUNCTION>testSortare</FUNCTION>
    <DECORATED>?testSortare@@YAXXZ</DECORATED>
    <FUNCLINE>118</FUNCLINE>
    <PATH>
      <SFA>
        <FILEPATH>d:\istvan\___oop\curs\curs7\petstorecosundo\consoleapplication4\</FILEPATH>
        <FILENAME>petservice.cpp</FILENAME>
        <LINE>118</LINE>
        <COLUMN>5</COLUMN>
      </SFA>
      <SFA>
        <FILEPATH>d:\istvan\___oop\curs\curs7\petstorecosundo\consoleapplication4\</FILEPATH>
        <FILENAME>petservice.cpp</FILENAME>
        <LINE>119</LINE>
        <COLUMN>9</COLUMN>
      </SFA>
      <SFA>
        <FILEPATH>d:\istvan\___oop\curs\curs7\petstorecosundo\consoleapplication4\</FILEPATH>
        <FILENAME>petservice.cpp</FILENAME>
        <LINE>120</LINE>
        <COLUMN>15</COLUMN>
      </SFA>
      <SFA>
        <FILEPATH>d:\istvan\___oop\curs\curs7\petstorecosundo\consoleapplication4\</FILEPATH>
        <FILENAME>petservice.cpp</FILENAME>
        <LINE>121</LINE>
        <COLUMN>16</COLUMN>
      </SFA>
      <SFA>
        <FILEPATH>d:\istvan\___oop\curs\curs7\petstorecosundo\consoleapplication4\</FILEPATH>
        <FILENAME>petservice.cpp</FILENAME>
        <LINE>122</LINE>
        <COLUMN>16</COLUMN>
      </SFA>
      <SFA>
        <FILEPATH>d:\istvan\___oop\curs\curs7\petstorecosundo\consoleapplication4\</FILEPATH>
        <FILENAME>petservice.cpp</FILENAME>
        <LINE>123</LINE>
        <COLUMN>16</COLUMN>
      </SFA>
      <SFA>
        <FILEPATH>d:\istvan\___oop\curs\curs7\petstorecosundo\consoleapplication4\</FILEPATH>
        <FILENAME>petservice.cpp</FILENAME>
        <LINE>125</LINE>
        <COLUMN>18</COLUMN>
      </SFA>
      <SFA>
        <FILEPATH>d:\istvan\___oop\curs\curs7\petstorecosundo\consoleapplication4\</FILEPATH>
        <FILENAME>petservice.cpp</FILENAME>
        <LINE>126</LINE>
        <COLUMN>1</COLUMN>
      </SFA>
      <SFA>
        <FILEPATH>d:\istvan\___oop\curs\curs7\petstorecosundo\consoleapplication4\</FILEPATH>
        <FILENAME>petservice.cpp</FILENAME>
        <LINE>127</LINE>
        <COLUMN>1</COLUMN>
      </SFA>
      <SFA>
        <FILEPATH>d:\istvan\___oop\curs\curs7\petstorecosundo\consoleapplication4\</FILEPATH>
        <FILENAME>petservice.cpp</FILENAME>
        <LINE>128</LINE>
        <COLUMN>1</COLUMN>
      </SFA>
      <SFA>
        <FILEPATH>d:\istvan\___oop\curs\curs7\petstorecosundo\consoleapplication4\</FILEPATH>
        <FILENAME>petservice.cpp</FILENAME>
        <LINE>130</LINE>
        <COLUMN>18</COLUMN>
      </SFA>
      <SFA>
        <FILEPATH>d:\istvan\___oop\curs\curs7\petstorecosundo\consoleapplication4\</FILEPATH>
        <FILENAME>petservice.cpp</FILENAME>
        <LINE>131</LINE>
        <COLUMN>1</COLUMN>
      </SFA>
    </PATH>
  </DEFECT>
  <DEFECT>
    <SFA>
      <FILEPATH>d:\istvan\___oop\curs\curs7\petstorecosundo\consoleapplication4\</FILEPATH>
      <FILENAME>petservice.cpp</FILENAME>
      <LINE>132</LINE>
      <COLUMN>1</COLUMN>
    </SFA>
    <DEFECTCODE>26412</DEFECTCODE>
    <DESCRIPTION>Do not dereference an invalid pointer (lifetimes rule 1). 'v2' was invalidated at line 130 by 'no initialization'.</DESCRIPTION>
    <FUNCTION>testSortare</FUNCTION>
    <DECORATED>?testSortare@@YAXXZ</DECORATED>
    <FUNCLINE>118</FUNCLINE>
    <PATH>
      <SFA>
        <FILEPATH>d:\istvan\___oop\curs\curs7\petstorecosundo\consoleapplication4\</FILEPATH>
        <FILENAME>petservice.cpp</FILENAME>
        <LINE>118</LINE>
        <COLUMN>5</COLUMN>
      </SFA>
      <SFA>
        <FILEPATH>d:\istvan\___oop\curs\curs7\petstorecosundo\consoleapplication4\</FILEPATH>
        <FILENAME>petservice.cpp</FILENAME>
        <LINE>119</LINE>
        <COLUMN>9</COLUMN>
      </SFA>
      <SFA>
        <FILEPATH>d:\istvan\___oop\curs\curs7\petstorecosundo\consoleapplication4\</FILEPATH>
        <FILENAME>petservice.cpp</FILENAME>
        <LINE>120</LINE>
        <COLUMN>15</COLUMN>
      </SFA>
      <SFA>
        <FILEPATH>d:\istvan\___oop\curs\curs7\petstorecosundo\consoleapplication4\</FILEPATH>
        <FILENAME>petservice.cpp</FILENAME>
        <LINE>121</LINE>
        <COLUMN>16</COLUMN>
      </SFA>
      <SFA>
        <FILEPATH>d:\istvan\___oop\curs\curs7\petstorecosundo\consoleapplication4\</FILEPATH>
        <FILENAME>petservice.cpp</FILENAME>
        <LINE>122</LINE>
        <COLUMN>16</COLUMN>
      </SFA>
      <SFA>
        <FILEPATH>d:\istvan\___oop\curs\curs7\petstorecosundo\consoleapplication4\</FILEPATH>
        <FILENAME>petservice.cpp</FILENAME>
        <LINE>123</LINE>
        <COLUMN>16</COLUMN>
      </SFA>
      <SFA>
        <FILEPATH>d:\istvan\___oop\curs\curs7\petstorecosundo\consoleapplication4\</FILEPATH>
        <FILENAME>petservice.cpp</FILENAME>
        <LINE>125</LINE>
        <COLUMN>18</COLUMN>
      </SFA>
      <SFA>
        <FILEPATH>d:\istvan\___oop\curs\curs7\petstorecosundo\consoleapplication4\</FILEPATH>
        <FILENAME>petservice.cpp</FILENAME>
        <LINE>126</LINE>
        <COLUMN>1</COLUMN>
      </SFA>
      <SFA>
        <FILEPATH>d:\istvan\___oop\curs\curs7\petstorecosundo\consoleapplication4\</FILEPATH>
        <FILENAME>petservice.cpp</FILENAME>
        <LINE>127</LINE>
        <COLUMN>1</COLUMN>
      </SFA>
      <SFA>
        <FILEPATH>d:\istvan\___oop\curs\curs7\petstorecosundo\consoleapplication4\</FILEPATH>
        <FILENAME>petservice.cpp</FILENAME>
        <LINE>128</LINE>
        <COLUMN>1</COLUMN>
      </SFA>
      <SFA>
        <FILEPATH>d:\istvan\___oop\curs\curs7\petstorecosundo\consoleapplication4\</FILEPATH>
        <FILENAME>petservice.cpp</FILENAME>
        <LINE>130</LINE>
        <COLUMN>18</COLUMN>
      </SFA>
      <SFA>
        <FILEPATH>d:\istvan\___oop\curs\curs7\petstorecosundo\consoleapplication4\</FILEPATH>
        <FILENAME>petservice.cpp</FILENAME>
        <LINE>131</LINE>
        <COLUMN>1</COLUMN>
      </SFA>
      <SFA>
        <FILEPATH>d:\istvan\___oop\curs\curs7\petstorecosundo\consoleapplication4\</FILEPATH>
        <FILENAME>petservice.cpp</FILENAME>
        <LINE>130</LINE>
        <COLUMN>40</COLUMN>
      </SFA>
      <SFA>
        <FILEPATH>d:\istvan\___oop\curs\curs7\petstorecosundo\consoleapplication4\</FILEPATH>
        <FILENAME>petservice.cpp</FILENAME>
        <LINE>125</LINE>
        <COLUMN>40</COLUMN>
      </SFA>
      <SFA>
        <FILEPATH>d:\istvan\___oop\curs\curs7\petstorecosundo\consoleapplication4\</FILEPATH>
        <FILENAME>petservice.cpp</FILENAME>
        <LINE>120</LINE>
        <COLUMN>18</COLUMN>
      </SFA>
      <SFA>
        <FILEPATH>d:\istvan\___oop\curs\curs7\petstorecosundo\consoleapplication4\</FILEPATH>
        <FILENAME>petservice.cpp</FILENAME>
        <LINE>119</LINE>
        <COLUMN>12</COLUMN>
      </SFA>
      <SFA>
        <FILEPATH>d:\istvan\___oop\curs\curs7\petstorecosundo\consoleapplication4\</FILEPATH>
        <FILENAME>petservice.cpp</FILENAME>
        <LINE>131</LINE>
        <COLUMN>1</COLUMN>
      </SFA>
      <SFA>
        <FILEPATH>d:\istvan\___oop\curs\curs7\petstorecosundo\consoleapplication4\</FILEPATH>
        <FILENAME>petservice.cpp</FILENAME>
        <LINE>132</LINE>
        <COLUMN>1</COLUMN>
      </SFA>
    </PATH>
  </DEFECT>
  <DEFECT>
    <SFA>
      <FILEPATH>d:\istvan\___oop\curs\curs7\petstorecosundo\consoleapplication4\</FILEPATH>
      <FILENAME>petservice.cpp</FILENAME>
      <LINE>133</LINE>
      <COLUMN>1</COLUMN>
    </SFA>
    <DEFECTCODE>26412</DEFECTCODE>
    <DESCRIPTION>Do not dereference an invalid pointer (lifetimes rule 1). 'v2' was invalidated at line 130 by 'no initialization'.</DESCRIPTION>
    <FUNCTION>testSortare</FUNCTION>
    <DECORATED>?testSortare@@YAXXZ</DECORATED>
    <FUNCLINE>118</FUNCLINE>
    <PATH>
      <SFA>
        <FILEPATH>d:\istvan\___oop\curs\curs7\petstorecosundo\consoleapplication4\</FILEPATH>
        <FILENAME>petservice.cpp</FILENAME>
        <LINE>118</LINE>
        <COLUMN>5</COLUMN>
      </SFA>
      <SFA>
        <FILEPATH>d:\istvan\___oop\curs\curs7\petstorecosundo\consoleapplication4\</FILEPATH>
        <FILENAME>petservice.cpp</FILENAME>
        <LINE>119</LINE>
        <COLUMN>9</COLUMN>
      </SFA>
      <SFA>
        <FILEPATH>d:\istvan\___oop\curs\curs7\petstorecosundo\consoleapplication4\</FILEPATH>
        <FILENAME>petservice.cpp</FILENAME>
        <LINE>120</LINE>
        <COLUMN>15</COLUMN>
      </SFA>
      <SFA>
        <FILEPATH>d:\istvan\___oop\curs\curs7\petstorecosundo\consoleapplication4\</FILEPATH>
        <FILENAME>petservice.cpp</FILENAME>
        <LINE>121</LINE>
        <COLUMN>16</COLUMN>
      </SFA>
      <SFA>
        <FILEPATH>d:\istvan\___oop\curs\curs7\petstorecosundo\consoleapplication4\</FILEPATH>
        <FILENAME>petservice.cpp</FILENAME>
        <LINE>122</LINE>
        <COLUMN>16</COLUMN>
      </SFA>
      <SFA>
        <FILEPATH>d:\istvan\___oop\curs\curs7\petstorecosundo\consoleapplication4\</FILEPATH>
        <FILENAME>petservice.cpp</FILENAME>
        <LINE>123</LINE>
        <COLUMN>16</COLUMN>
      </SFA>
      <SFA>
        <FILEPATH>d:\istvan\___oop\curs\curs7\petstorecosundo\consoleapplication4\</FILEPATH>
        <FILENAME>petservice.cpp</FILENAME>
        <LINE>125</LINE>
        <COLUMN>18</COLUMN>
      </SFA>
      <SFA>
        <FILEPATH>d:\istvan\___oop\curs\curs7\petstorecosundo\consoleapplication4\</FILEPATH>
        <FILENAME>petservice.cpp</FILENAME>
        <LINE>126</LINE>
        <COLUMN>1</COLUMN>
      </SFA>
      <SFA>
        <FILEPATH>d:\istvan\___oop\curs\curs7\petstorecosundo\consoleapplication4\</FILEPATH>
        <FILENAME>petservice.cpp</FILENAME>
        <LINE>127</LINE>
        <COLUMN>1</COLUMN>
      </SFA>
      <SFA>
        <FILEPATH>d:\istvan\___oop\curs\curs7\petstorecosundo\consoleapplication4\</FILEPATH>
        <FILENAME>petservice.cpp</FILENAME>
        <LINE>128</LINE>
        <COLUMN>1</COLUMN>
      </SFA>
      <SFA>
        <FILEPATH>d:\istvan\___oop\curs\curs7\petstorecosundo\consoleapplication4\</FILEPATH>
        <FILENAME>petservice.cpp</FILENAME>
        <LINE>130</LINE>
        <COLUMN>18</COLUMN>
      </SFA>
      <SFA>
        <FILEPATH>d:\istvan\___oop\curs\curs7\petstorecosundo\consoleapplication4\</FILEPATH>
        <FILENAME>petservice.cpp</FILENAME>
        <LINE>131</LINE>
        <COLUMN>1</COLUMN>
      </SFA>
      <SFA>
        <FILEPATH>d:\istvan\___oop\curs\curs7\petstorecosundo\consoleapplication4\</FILEPATH>
        <FILENAME>petservice.cpp</FILENAME>
        <LINE>130</LINE>
        <COLUMN>40</COLUMN>
      </SFA>
      <SFA>
        <FILEPATH>d:\istvan\___oop\curs\curs7\petstorecosundo\consoleapplication4\</FILEPATH>
        <FILENAME>petservice.cpp</FILENAME>
        <LINE>125</LINE>
        <COLUMN>40</COLUMN>
      </SFA>
      <SFA>
        <FILEPATH>d:\istvan\___oop\curs\curs7\petstorecosundo\consoleapplication4\</FILEPATH>
        <FILENAME>petservice.cpp</FILENAME>
        <LINE>120</LINE>
        <COLUMN>18</COLUMN>
      </SFA>
      <SFA>
        <FILEPATH>d:\istvan\___oop\curs\curs7\petstorecosundo\consoleapplication4\</FILEPATH>
        <FILENAME>petservice.cpp</FILENAME>
        <LINE>119</LINE>
        <COLUMN>12</COLUMN>
      </SFA>
      <SFA>
        <FILEPATH>d:\istvan\___oop\curs\curs7\petstorecosundo\consoleapplication4\</FILEPATH>
        <FILENAME>petservice.cpp</FILENAME>
        <LINE>131</LINE>
        <COLUMN>1</COLUMN>
      </SFA>
      <SFA>
        <FILEPATH>d:\istvan\___oop\curs\curs7\petstorecosundo\consoleapplication4\</FILEPATH>
        <FILENAME>petservice.cpp</FILENAME>
        <LINE>132</LINE>
        <COLUMN>1</COLUMN>
      </SFA>
      <SFA>
        <FILEPATH>d:\istvan\___oop\curs\curs7\petstorecosundo\consoleapplication4\</FILEPATH>
        <FILENAME>petservice.cpp</FILENAME>
        <LINE>131</LINE>
        <COLUMN>1</COLUMN>
      </SFA>
      <SFA>
        <FILEPATH>d:\istvan\___oop\curs\curs7\petstorecosundo\consoleapplication4\</FILEPATH>
        <FILENAME>petservice.cpp</FILENAME>
        <LINE>130</LINE>
        <COLUMN>40</COLUMN>
      </SFA>
      <SFA>
        <FILEPATH>d:\istvan\___oop\curs\curs7\petstorecosundo\consoleapplication4\</FILEPATH>
        <FILENAME>petservice.cpp</FILENAME>
        <LINE>125</LINE>
        <COLUMN>40</COLUMN>
      </SFA>
      <SFA>
        <FILEPATH>d:\istvan\___oop\curs\curs7\petstorecosundo\consoleapplication4\</FILEPATH>
        <FILENAME>petservice.cpp</FILENAME>
        <LINE>120</LINE>
        <COLUMN>18</COLUMN>
      </SFA>
      <SFA>
        <FILEPATH>d:\istvan\___oop\curs\curs7\petstorecosundo\consoleapplication4\</FILEPATH>
        <FILENAME>petservice.cpp</FILENAME>
        <LINE>119</LINE>
        <COLUMN>12</COLUMN>
      </SFA>
      <SFA>
        <FILEPATH>d:\istvan\___oop\curs\curs7\petstorecosundo\consoleapplication4\</FILEPATH>
        <FILENAME>petservice.cpp</FILENAME>
        <LINE>132</LINE>
        <COLUMN>1</COLUMN>
      </SFA>
      <SFA>
        <FILEPATH>d:\istvan\___oop\curs\curs7\petstorecosundo\consoleapplication4\</FILEPATH>
        <FILENAME>petservice.cpp</FILENAME>
        <LINE>133</LINE>
        <COLUMN>1</COLUMN>
      </SFA>
    </PATH>
  </DEFECT>
  <DEFECT>
    <SFA>
      <FILEPATH>d:\istvan\___oop\curs\curs7\petstorecosundo\consoleapplication4\</FILEPATH>
      <FILENAME>petservice.cpp</FILENAME>
      <LINE>136</LINE>
      <COLUMN>3</COLUMN>
    </SFA>
    <DEFECTCODE>26412</DEFECTCODE>
    <DESCRIPTION>Do not dereference an invalid pointer (lifetimes rule 1). 'v' was invalidated at line 125 by 'no initialization'.</DESCRIPTION>
    <FUNCTION>testSortare</FUNCTION>
    <DECORATED>?testSortare@@YAXXZ</DECORATED>
    <FUNCLINE>118</FUNCLINE>
    <PATH>
      <SFA>
        <FILEPATH>d:\istvan\___oop\curs\curs7\petstorecosundo\consoleapplication4\</FILEPATH>
        <FILENAME>petservice.cpp</FILENAME>
        <LINE>118</LINE>
        <COLUMN>5</COLUMN>
      </SFA>
      <SFA>
        <FILEPATH>d:\istvan\___oop\curs\curs7\petstorecosundo\consoleapplication4\</FILEPATH>
        <FILENAME>petservice.cpp</FILENAME>
        <LINE>119</LINE>
        <COLUMN>9</COLUMN>
      </SFA>
      <SFA>
        <FILEPATH>d:\istvan\___oop\curs\curs7\petstorecosundo\consoleapplication4\</FILEPATH>
        <FILENAME>petservice.cpp</FILENAME>
        <LINE>120</LINE>
        <COLUMN>15</COLUMN>
      </SFA>
      <SFA>
        <FILEPATH>d:\istvan\___oop\curs\curs7\petstorecosundo\consoleapplication4\</FILEPATH>
        <FILENAME>petservice.cpp</FILENAME>
        <LINE>121</LINE>
        <COLUMN>16</COLUMN>
      </SFA>
      <SFA>
        <FILEPATH>d:\istvan\___oop\curs\curs7\petstorecosundo\consoleapplication4\</FILEPATH>
        <FILENAME>petservice.cpp</FILENAME>
        <LINE>122</LINE>
        <COLUMN>16</COLUMN>
      </SFA>
      <SFA>
        <FILEPATH>d:\istvan\___oop\curs\curs7\petstorecosundo\consoleapplication4\</FILEPATH>
        <FILENAME>petservice.cpp</FILENAME>
        <LINE>123</LINE>
        <COLUMN>16</COLUMN>
      </SFA>
      <SFA>
        <FILEPATH>d:\istvan\___oop\curs\curs7\petstorecosundo\consoleapplication4\</FILEPATH>
        <FILENAME>petservice.cpp</FILENAME>
        <LINE>125</LINE>
        <COLUMN>18</COLUMN>
      </SFA>
      <SFA>
        <FILEPATH>d:\istvan\___oop\curs\curs7\petstorecosundo\consoleapplication4\</FILEPATH>
        <FILENAME>petservice.cpp</FILENAME>
        <LINE>126</LINE>
        <COLUMN>1</COLUMN>
      </SFA>
      <SFA>
        <FILEPATH>d:\istvan\___oop\curs\curs7\petstorecosundo\consoleapplication4\</FILEPATH>
        <FILENAME>petservice.cpp</FILENAME>
        <LINE>127</LINE>
        <COLUMN>1</COLUMN>
      </SFA>
      <SFA>
        <FILEPATH>d:\istvan\___oop\curs\curs7\petstorecosundo\consoleapplication4\</FILEPATH>
        <FILENAME>petservice.cpp</FILENAME>
        <LINE>128</LINE>
        <COLUMN>1</COLUMN>
      </SFA>
      <SFA>
        <FILEPATH>d:\istvan\___oop\curs\curs7\petstorecosundo\consoleapplication4\</FILEPATH>
        <FILENAME>petservice.cpp</FILENAME>
        <LINE>130</LINE>
        <COLUMN>18</COLUMN>
      </SFA>
      <SFA>
        <FILEPATH>d:\istvan\___oop\curs\curs7\petstorecosundo\consoleapplication4\</FILEPATH>
        <FILENAME>petservice.cpp</FILENAME>
        <LINE>131</LINE>
        <COLUMN>1</COLUMN>
      </SFA>
      <SFA>
        <FILEPATH>d:\istvan\___oop\curs\curs7\petstorecosundo\consoleapplication4\</FILEPATH>
        <FILENAME>petservice.cpp</FILENAME>
        <LINE>130</LINE>
        <COLUMN>40</COLUMN>
      </SFA>
      <SFA>
        <FILEPATH>d:\istvan\___oop\curs\curs7\petstorecosundo\consoleapplication4\</FILEPATH>
        <FILENAME>petservice.cpp</FILENAME>
        <LINE>125</LINE>
        <COLUMN>40</COLUMN>
      </SFA>
      <SFA>
        <FILEPATH>d:\istvan\___oop\curs\curs7\petstorecosundo\consoleapplication4\</FILEPATH>
        <FILENAME>petservice.cpp</FILENAME>
        <LINE>120</LINE>
        <COLUMN>18</COLUMN>
      </SFA>
      <SFA>
        <FILEPATH>d:\istvan\___oop\curs\curs7\petstorecosundo\consoleapplication4\</FILEPATH>
        <FILENAME>petservice.cpp</FILENAME>
        <LINE>119</LINE>
        <COLUMN>12</COLUMN>
      </SFA>
      <SFA>
        <FILEPATH>d:\istvan\___oop\curs\curs7\petstorecosundo\consoleapplication4\</FILEPATH>
        <FILENAME>petservice.cpp</FILENAME>
        <LINE>131</LINE>
        <COLUMN>1</COLUMN>
      </SFA>
      <SFA>
        <FILEPATH>d:\istvan\___oop\curs\curs7\petstorecosundo\consoleapplication4\</FILEPATH>
        <FILENAME>petservice.cpp</FILENAME>
        <LINE>132</LINE>
        <COLUMN>1</COLUMN>
      </SFA>
      <SFA>
        <FILEPATH>d:\istvan\___oop\curs\curs7\petstorecosundo\consoleapplication4\</FILEPATH>
        <FILENAME>petservice.cpp</FILENAME>
        <LINE>131</LINE>
        <COLUMN>1</COLUMN>
      </SFA>
      <SFA>
        <FILEPATH>d:\istvan\___oop\curs\curs7\petstorecosundo\consoleapplication4\</FILEPATH>
        <FILENAME>petservice.cpp</FILENAME>
        <LINE>130</LINE>
        <COLUMN>40</COLUMN>
      </SFA>
      <SFA>
        <FILEPATH>d:\istvan\___oop\curs\curs7\petstorecosundo\consoleapplication4\</FILEPATH>
        <FILENAME>petservice.cpp</FILENAME>
        <LINE>125</LINE>
        <COLUMN>40</COLUMN>
      </SFA>
      <SFA>
        <FILEPATH>d:\istvan\___oop\curs\curs7\petstorecosundo\consoleapplication4\</FILEPATH>
        <FILENAME>petservice.cpp</FILENAME>
        <LINE>120</LINE>
        <COLUMN>18</COLUMN>
      </SFA>
      <SFA>
        <FILEPATH>d:\istvan\___oop\curs\curs7\petstorecosundo\consoleapplication4\</FILEPATH>
        <FILENAME>petservice.cpp</FILENAME>
        <LINE>119</LINE>
        <COLUMN>12</COLUMN>
      </SFA>
      <SFA>
        <FILEPATH>d:\istvan\___oop\curs\curs7\petstorecosundo\consoleapplication4\</FILEPATH>
        <FILENAME>petservice.cpp</FILENAME>
        <LINE>132</LINE>
        <COLUMN>1</COLUMN>
      </SFA>
      <SFA>
        <FILEPATH>d:\istvan\___oop\curs\curs7\petstorecosundo\consoleapplication4\</FILEPATH>
        <FILENAME>petservice.cpp</FILENAME>
        <LINE>133</LINE>
        <COLUMN>1</COLUMN>
      </SFA>
      <SFA>
        <FILEPATH>d:\istvan\___oop\curs\curs7\petstorecosundo\consoleapplication4\</FILEPATH>
        <FILENAME>petservice.cpp</FILENAME>
        <LINE>132</LINE>
        <COLUMN>1</COLUMN>
      </SFA>
      <SFA>
        <FILEPATH>d:\istvan\___oop\curs\curs7\petstorecosundo\consoleapplication4\</FILEPATH>
        <FILENAME>petservice.cpp</FILENAME>
        <LINE>131</LINE>
        <COLUMN>1</COLUMN>
      </SFA>
      <SFA>
        <FILEPATH>d:\istvan\___oop\curs\curs7\petstorecosundo\consoleapplication4\</FILEPATH>
        <FILENAME>petservice.cpp</FILENAME>
        <LINE>130</LINE>
        <COLUMN>40</COLUMN>
      </SFA>
      <SFA>
        <FILEPATH>d:\istvan\___oop\curs\curs7\petstorecosundo\consoleapplication4\</FILEPATH>
        <FILENAME>petservice.cpp</FILENAME>
        <LINE>125</LINE>
        <COLUMN>40</COLUMN>
      </SFA>
      <SFA>
        <FILEPATH>d:\istvan\___oop\curs\curs7\petstorecosundo\consoleapplication4\</FILEPATH>
        <FILENAME>petservice.cpp</FILENAME>
        <LINE>120</LINE>
        <COLUMN>18</COLUMN>
      </SFA>
      <SFA>
        <FILEPATH>d:\istvan\___oop\curs\curs7\petstorecosundo\consoleapplication4\</FILEPATH>
        <FILENAME>petservice.cpp</FILENAME>
        <LINE>119</LINE>
        <COLUMN>12</COLUMN>
      </SFA>
      <SFA>
        <FILEPATH>d:\istvan\___oop\curs\curs7\petstorecosundo\consoleapplication4\</FILEPATH>
        <FILENAME>petservice.cpp</FILENAME>
        <LINE>133</LINE>
        <COLUMN>1</COLUMN>
      </SFA>
      <SFA>
        <FILEPATH>d:\istvan\___oop\curs\curs7\petstorecosundo\consoleapplication4\</FILEPATH>
        <FILENAME>petservice.cpp</FILENAME>
        <LINE>136</LINE>
        <COLUMN>3</COLUMN>
      </SFA>
    </PATH>
  </DEFECT>
  <DEFECT>
    <SFA>
      <FILEPATH>d:\istvan\___oop\curs\curs7\petstorecosundo\consoleapplication4\</FILEPATH>
      <FILENAME>petservice.cpp</FILENAME>
      <LINE>136</LINE>
      <COLUMN>3</COLUMN>
    </SFA>
    <DEFECTCODE>26412</DEFECTCODE>
    <DESCRIPTION>Do not dereference an invalid pointer (lifetimes rule 1). 'v2' was invalidated at line 130 by 'no initialization'.</DESCRIPTION>
    <FUNCTION>testSortare</FUNCTION>
    <DECORATED>?testSortare@@YAXXZ</DECORATED>
    <FUNCLINE>118</FUNCLINE>
    <PATH>
      <SFA>
        <FILEPATH>d:\istvan\___oop\curs\curs7\petstorecosundo\consoleapplication4\</FILEPATH>
        <FILENAME>petservice.cpp</FILENAME>
        <LINE>118</LINE>
        <COLUMN>5</COLUMN>
      </SFA>
      <SFA>
        <FILEPATH>d:\istvan\___oop\curs\curs7\petstorecosundo\consoleapplication4\</FILEPATH>
        <FILENAME>petservice.cpp</FILENAME>
        <LINE>119</LINE>
        <COLUMN>9</COLUMN>
      </SFA>
      <SFA>
        <FILEPATH>d:\istvan\___oop\curs\curs7\petstorecosundo\consoleapplication4\</FILEPATH>
        <FILENAME>petservice.cpp</FILENAME>
        <LINE>120</LINE>
        <COLUMN>15</COLUMN>
      </SFA>
      <SFA>
        <FILEPATH>d:\istvan\___oop\curs\curs7\petstorecosundo\consoleapplication4\</FILEPATH>
        <FILENAME>petservice.cpp</FILENAME>
        <LINE>121</LINE>
        <COLUMN>16</COLUMN>
      </SFA>
      <SFA>
        <FILEPATH>d:\istvan\___oop\curs\curs7\petstorecosundo\consoleapplication4\</FILEPATH>
        <FILENAME>petservice.cpp</FILENAME>
        <LINE>122</LINE>
        <COLUMN>16</COLUMN>
      </SFA>
      <SFA>
        <FILEPATH>d:\istvan\___oop\curs\curs7\petstorecosundo\consoleapplication4\</FILEPATH>
        <FILENAME>petservice.cpp</FILENAME>
        <LINE>123</LINE>
        <COLUMN>16</COLUMN>
      </SFA>
      <SFA>
        <FILEPATH>d:\istvan\___oop\curs\curs7\petstorecosundo\consoleapplication4\</FILEPATH>
        <FILENAME>petservice.cpp</FILENAME>
        <LINE>125</LINE>
        <COLUMN>18</COLUMN>
      </SFA>
      <SFA>
        <FILEPATH>d:\istvan\___oop\curs\curs7\petstorecosundo\consoleapplication4\</FILEPATH>
        <FILENAME>petservice.cpp</FILENAME>
        <LINE>126</LINE>
        <COLUMN>1</COLUMN>
      </SFA>
      <SFA>
        <FILEPATH>d:\istvan\___oop\curs\curs7\petstorecosundo\consoleapplication4\</FILEPATH>
        <FILENAME>petservice.cpp</FILENAME>
        <LINE>127</LINE>
        <COLUMN>1</COLUMN>
      </SFA>
      <SFA>
        <FILEPATH>d:\istvan\___oop\curs\curs7\petstorecosundo\consoleapplication4\</FILEPATH>
        <FILENAME>petservice.cpp</FILENAME>
        <LINE>128</LINE>
        <COLUMN>1</COLUMN>
      </SFA>
      <SFA>
        <FILEPATH>d:\istvan\___oop\curs\curs7\petstorecosundo\consoleapplication4\</FILEPATH>
        <FILENAME>petservice.cpp</FILENAME>
        <LINE>130</LINE>
        <COLUMN>18</COLUMN>
      </SFA>
      <SFA>
        <FILEPATH>d:\istvan\___oop\curs\curs7\petstorecosundo\consoleapplication4\</FILEPATH>
        <FILENAME>petservice.cpp</FILENAME>
        <LINE>131</LINE>
        <COLUMN>1</COLUMN>
      </SFA>
      <SFA>
        <FILEPATH>d:\istvan\___oop\curs\curs7\petstorecosundo\consoleapplication4\</FILEPATH>
        <FILENAME>petservice.cpp</FILENAME>
        <LINE>130</LINE>
        <COLUMN>40</COLUMN>
      </SFA>
      <SFA>
        <FILEPATH>d:\istvan\___oop\curs\curs7\petstorecosundo\consoleapplication4\</FILEPATH>
        <FILENAME>petservice.cpp</FILENAME>
        <LINE>125</LINE>
        <COLUMN>40</COLUMN>
      </SFA>
      <SFA>
        <FILEPATH>d:\istvan\___oop\curs\curs7\petstorecosundo\consoleapplication4\</FILEPATH>
        <FILENAME>petservice.cpp</FILENAME>
        <LINE>120</LINE>
        <COLUMN>18</COLUMN>
      </SFA>
      <SFA>
        <FILEPATH>d:\istvan\___oop\curs\curs7\petstorecosundo\consoleapplication4\</FILEPATH>
        <FILENAME>petservice.cpp</FILENAME>
        <LINE>119</LINE>
        <COLUMN>12</COLUMN>
      </SFA>
      <SFA>
        <FILEPATH>d:\istvan\___oop\curs\curs7\petstorecosundo\consoleapplication4\</FILEPATH>
        <FILENAME>petservice.cpp</FILENAME>
        <LINE>131</LINE>
        <COLUMN>1</COLUMN>
      </SFA>
      <SFA>
        <FILEPATH>d:\istvan\___oop\curs\curs7\petstorecosundo\consoleapplication4\</FILEPATH>
        <FILENAME>petservice.cpp</FILENAME>
        <LINE>132</LINE>
        <COLUMN>1</COLUMN>
      </SFA>
      <SFA>
        <FILEPATH>d:\istvan\___oop\curs\curs7\petstorecosundo\consoleapplication4\</FILEPATH>
        <FILENAME>petservice.cpp</FILENAME>
        <LINE>131</LINE>
        <COLUMN>1</COLUMN>
      </SFA>
      <SFA>
        <FILEPATH>d:\istvan\___oop\curs\curs7\petstorecosundo\consoleapplication4\</FILEPATH>
        <FILENAME>petservice.cpp</FILENAME>
        <LINE>130</LINE>
        <COLUMN>40</COLUMN>
      </SFA>
      <SFA>
        <FILEPATH>d:\istvan\___oop\curs\curs7\petstorecosundo\consoleapplication4\</FILEPATH>
        <FILENAME>petservice.cpp</FILENAME>
        <LINE>125</LINE>
        <COLUMN>40</COLUMN>
      </SFA>
      <SFA>
        <FILEPATH>d:\istvan\___oop\curs\curs7\petstorecosundo\consoleapplication4\</FILEPATH>
        <FILENAME>petservice.cpp</FILENAME>
        <LINE>120</LINE>
        <COLUMN>18</COLUMN>
      </SFA>
      <SFA>
        <FILEPATH>d:\istvan\___oop\curs\curs7\petstorecosundo\consoleapplication4\</FILEPATH>
        <FILENAME>petservice.cpp</FILENAME>
        <LINE>119</LINE>
        <COLUMN>12</COLUMN>
      </SFA>
      <SFA>
        <FILEPATH>d:\istvan\___oop\curs\curs7\petstorecosundo\consoleapplication4\</FILEPATH>
        <FILENAME>petservice.cpp</FILENAME>
        <LINE>132</LINE>
        <COLUMN>1</COLUMN>
      </SFA>
      <SFA>
        <FILEPATH>d:\istvan\___oop\curs\curs7\petstorecosundo\consoleapplication4\</FILEPATH>
        <FILENAME>petservice.cpp</FILENAME>
        <LINE>133</LINE>
        <COLUMN>1</COLUMN>
      </SFA>
      <SFA>
        <FILEPATH>d:\istvan\___oop\curs\curs7\petstorecosundo\consoleapplication4\</FILEPATH>
        <FILENAME>petservice.cpp</FILENAME>
        <LINE>132</LINE>
        <COLUMN>1</COLUMN>
      </SFA>
      <SFA>
        <FILEPATH>d:\istvan\___oop\curs\curs7\petstorecosundo\consoleapplication4\</FILEPATH>
        <FILENAME>petservice.cpp</FILENAME>
        <LINE>131</LINE>
        <COLUMN>1</COLUMN>
      </SFA>
      <SFA>
        <FILEPATH>d:\istvan\___oop\curs\curs7\petstorecosundo\consoleapplication4\</FILEPATH>
        <FILENAME>petservice.cpp</FILENAME>
        <LINE>130</LINE>
        <COLUMN>40</COLUMN>
      </SFA>
      <SFA>
        <FILEPATH>d:\istvan\___oop\curs\curs7\petstorecosundo\consoleapplication4\</FILEPATH>
        <FILENAME>petservice.cpp</FILENAME>
        <LINE>125</LINE>
        <COLUMN>40</COLUMN>
      </SFA>
      <SFA>
        <FILEPATH>d:\istvan\___oop\curs\curs7\petstorecosundo\consoleapplication4\</FILEPATH>
        <FILENAME>petservice.cpp</FILENAME>
        <LINE>120</LINE>
        <COLUMN>18</COLUMN>
      </SFA>
      <SFA>
        <FILEPATH>d:\istvan\___oop\curs\curs7\petstorecosundo\consoleapplication4\</FILEPATH>
        <FILENAME>petservice.cpp</FILENAME>
        <LINE>119</LINE>
        <COLUMN>12</COLUMN>
      </SFA>
      <SFA>
        <FILEPATH>d:\istvan\___oop\curs\curs7\petstorecosundo\consoleapplication4\</FILEPATH>
        <FILENAME>petservice.cpp</FILENAME>
        <LINE>133</LINE>
        <COLUMN>1</COLUMN>
      </SFA>
      <SFA>
        <FILEPATH>d:\istvan\___oop\curs\curs7\petstorecosundo\consoleapplication4\</FILEPATH>
        <FILENAME>petservice.cpp</FILENAME>
        <LINE>136</LINE>
        <COLUMN>3</COLUMN>
      </SFA>
    </PATH>
  </DEFECT>
  <DEFECT>
    <SFA>
      <FILEPATH>d:\istvan\___oop\curs\curs7\petstorecosundo\consoleapplication4\</FILEPATH>
      <FILENAME>petservice.cpp</FILENAME>
      <LINE>137</LINE>
      <COLUMN>1</COLUMN>
    </SFA>
    <DEFECTCODE>26412</DEFECTCODE>
    <DESCRIPTION>Do not dereference an invalid pointer (lifetimes rule 1). 'v' was invalidated at line 125 by 'no initialization'.</DESCRIPTION>
    <FUNCTION>testSortare</FUNCTION>
    <DECORATED>?testSortare@@YAXXZ</DECORATED>
    <FUNCLINE>118</FUNCLINE>
    <PATH>
      <SFA>
        <FILEPATH>d:\istvan\___oop\curs\curs7\petstorecosundo\consoleapplication4\</FILEPATH>
        <FILENAME>petservice.cpp</FILENAME>
        <LINE>118</LINE>
        <COLUMN>5</COLUMN>
      </SFA>
      <SFA>
        <FILEPATH>d:\istvan\___oop\curs\curs7\petstorecosundo\consoleapplication4\</FILEPATH>
        <FILENAME>petservice.cpp</FILENAME>
        <LINE>119</LINE>
        <COLUMN>9</COLUMN>
      </SFA>
      <SFA>
        <FILEPATH>d:\istvan\___oop\curs\curs7\petstorecosundo\consoleapplication4\</FILEPATH>
        <FILENAME>petservice.cpp</FILENAME>
        <LINE>120</LINE>
        <COLUMN>15</COLUMN>
      </SFA>
      <SFA>
        <FILEPATH>d:\istvan\___oop\curs\curs7\petstorecosundo\consoleapplication4\</FILEPATH>
        <FILENAME>petservice.cpp</FILENAME>
        <LINE>121</LINE>
        <COLUMN>16</COLUMN>
      </SFA>
      <SFA>
        <FILEPATH>d:\istvan\___oop\curs\curs7\petstorecosundo\consoleapplication4\</FILEPATH>
        <FILENAME>petservice.cpp</FILENAME>
        <LINE>122</LINE>
        <COLUMN>16</COLUMN>
      </SFA>
      <SFA>
        <FILEPATH>d:\istvan\___oop\curs\curs7\petstorecosundo\consoleapplication4\</FILEPATH>
        <FILENAME>petservice.cpp</FILENAME>
        <LINE>123</LINE>
        <COLUMN>16</COLUMN>
      </SFA>
      <SFA>
        <FILEPATH>d:\istvan\___oop\curs\curs7\petstorecosundo\consoleapplication4\</FILEPATH>
        <FILENAME>petservice.cpp</FILENAME>
        <LINE>125</LINE>
        <COLUMN>18</COLUMN>
      </SFA>
      <SFA>
        <FILEPATH>d:\istvan\___oop\curs\curs7\petstorecosundo\consoleapplication4\</FILEPATH>
        <FILENAME>petservice.cpp</FILENAME>
        <LINE>126</LINE>
        <COLUMN>1</COLUMN>
      </SFA>
      <SFA>
        <FILEPATH>d:\istvan\___oop\curs\curs7\petstorecosundo\consoleapplication4\</FILEPATH>
        <FILENAME>petservice.cpp</FILENAME>
        <LINE>127</LINE>
        <COLUMN>1</COLUMN>
      </SFA>
      <SFA>
        <FILEPATH>d:\istvan\___oop\curs\curs7\petstorecosundo\consoleapplication4\</FILEPATH>
        <FILENAME>petservice.cpp</FILENAME>
        <LINE>128</LINE>
        <COLUMN>1</COLUMN>
      </SFA>
      <SFA>
        <FILEPATH>d:\istvan\___oop\curs\curs7\petstorecosundo\consoleapplication4\</FILEPATH>
        <FILENAME>petservice.cpp</FILENAME>
        <LINE>130</LINE>
        <COLUMN>18</COLUMN>
      </SFA>
      <SFA>
        <FILEPATH>d:\istvan\___oop\curs\curs7\petstorecosundo\consoleapplication4\</FILEPATH>
        <FILENAME>petservice.cpp</FILENAME>
        <LINE>131</LINE>
        <COLUMN>1</COLUMN>
      </SFA>
      <SFA>
        <FILEPATH>d:\istvan\___oop\curs\curs7\petstorecosundo\consoleapplication4\</FILEPATH>
        <FILENAME>petservice.cpp</FILENAME>
        <LINE>130</LINE>
        <COLUMN>40</COLUMN>
      </SFA>
      <SFA>
        <FILEPATH>d:\istvan\___oop\curs\curs7\petstorecosundo\consoleapplication4\</FILEPATH>
        <FILENAME>petservice.cpp</FILENAME>
        <LINE>125</LINE>
        <COLUMN>40</COLUMN>
      </SFA>
      <SFA>
        <FILEPATH>d:\istvan\___oop\curs\curs7\petstorecosundo\consoleapplication4\</FILEPATH>
        <FILENAME>petservice.cpp</FILENAME>
        <LINE>120</LINE>
        <COLUMN>18</COLUMN>
      </SFA>
      <SFA>
        <FILEPATH>d:\istvan\___oop\curs\curs7\petstorecosundo\consoleapplication4\</FILEPATH>
        <FILENAME>petservice.cpp</FILENAME>
        <LINE>119</LINE>
        <COLUMN>12</COLUMN>
      </SFA>
      <SFA>
        <FILEPATH>d:\istvan\___oop\curs\curs7\petstorecosundo\consoleapplication4\</FILEPATH>
        <FILENAME>petservice.cpp</FILENAME>
        <LINE>131</LINE>
        <COLUMN>1</COLUMN>
      </SFA>
      <SFA>
        <FILEPATH>d:\istvan\___oop\curs\curs7\petstorecosundo\consoleapplication4\</FILEPATH>
        <FILENAME>petservice.cpp</FILENAME>
        <LINE>132</LINE>
        <COLUMN>1</COLUMN>
      </SFA>
      <SFA>
        <FILEPATH>d:\istvan\___oop\curs\curs7\petstorecosundo\consoleapplication4\</FILEPATH>
        <FILENAME>petservice.cpp</FILENAME>
        <LINE>131</LINE>
        <COLUMN>1</COLUMN>
      </SFA>
      <SFA>
        <FILEPATH>d:\istvan\___oop\curs\curs7\petstorecosundo\consoleapplication4\</FILEPATH>
        <FILENAME>petservice.cpp</FILENAME>
        <LINE>130</LINE>
        <COLUMN>40</COLUMN>
      </SFA>
      <SFA>
        <FILEPATH>d:\istvan\___oop\curs\curs7\petstorecosundo\consoleapplication4\</FILEPATH>
        <FILENAME>petservice.cpp</FILENAME>
        <LINE>125</LINE>
        <COLUMN>40</COLUMN>
      </SFA>
      <SFA>
        <FILEPATH>d:\istvan\___oop\curs\curs7\petstorecosundo\consoleapplication4\</FILEPATH>
        <FILENAME>petservice.cpp</FILENAME>
        <LINE>120</LINE>
        <COLUMN>18</COLUMN>
      </SFA>
      <SFA>
        <FILEPATH>d:\istvan\___oop\curs\curs7\petstorecosundo\consoleapplication4\</FILEPATH>
        <FILENAME>petservice.cpp</FILENAME>
        <LINE>119</LINE>
        <COLUMN>12</COLUMN>
      </SFA>
      <SFA>
        <FILEPATH>d:\istvan\___oop\curs\curs7\petstorecosundo\consoleapplication4\</FILEPATH>
        <FILENAME>petservice.cpp</FILENAME>
        <LINE>132</LINE>
        <COLUMN>1</COLUMN>
      </SFA>
      <SFA>
        <FILEPATH>d:\istvan\___oop\curs\curs7\petstorecosundo\consoleapplication4\</FILEPATH>
        <FILENAME>petservice.cpp</FILENAME>
        <LINE>133</LINE>
        <COLUMN>1</COLUMN>
      </SFA>
      <SFA>
        <FILEPATH>d:\istvan\___oop\curs\curs7\petstorecosundo\consoleapplication4\</FILEPATH>
        <FILENAME>petservice.cpp</FILENAME>
        <LINE>132</LINE>
        <COLUMN>1</COLUMN>
      </SFA>
      <SFA>
        <FILEPATH>d:\istvan\___oop\curs\curs7\petstorecosundo\consoleapplication4\</FILEPATH>
        <FILENAME>petservice.cpp</FILENAME>
        <LINE>131</LINE>
        <COLUMN>1</COLUMN>
      </SFA>
      <SFA>
        <FILEPATH>d:\istvan\___oop\curs\curs7\petstorecosundo\consoleapplication4\</FILEPATH>
        <FILENAME>petservice.cpp</FILENAME>
        <LINE>130</LINE>
        <COLUMN>40</COLUMN>
      </SFA>
      <SFA>
        <FILEPATH>d:\istvan\___oop\curs\curs7\petstorecosundo\consoleapplication4\</FILEPATH>
        <FILENAME>petservice.cpp</FILENAME>
        <LINE>125</LINE>
        <COLUMN>40</COLUMN>
      </SFA>
      <SFA>
        <FILEPATH>d:\istvan\___oop\curs\curs7\petstorecosundo\consoleapplication4\</FILEPATH>
        <FILENAME>petservice.cpp</FILENAME>
        <LINE>120</LINE>
        <COLUMN>18</COLUMN>
      </SFA>
      <SFA>
        <FILEPATH>d:\istvan\___oop\curs\curs7\petstorecosundo\consoleapplication4\</FILEPATH>
        <FILENAME>petservice.cpp</FILENAME>
        <LINE>119</LINE>
        <COLUMN>12</COLUMN>
      </SFA>
      <SFA>
        <FILEPATH>d:\istvan\___oop\curs\curs7\petstorecosundo\consoleapplication4\</FILEPATH>
        <FILENAME>petservice.cpp</FILENAME>
        <LINE>133</LINE>
        <COLUMN>1</COLUMN>
      </SFA>
      <SFA>
        <FILEPATH>d:\istvan\___oop\curs\curs7\petstorecosundo\consoleapplication4\</FILEPATH>
        <FILENAME>petservice.cpp</FILENAME>
        <LINE>136</LINE>
        <COLUMN>3</COLUMN>
      </SFA>
      <SFA>
        <FILEPATH>d:\istvan\___oop\curs\curs7\petstorecosundo\consoleapplication4\</FILEPATH>
        <FILENAME>petservice.cpp</FILENAME>
        <LINE>137</LINE>
        <COLUMN>1</COLUMN>
      </SFA>
    </PATH>
  </DEFECT>
  <DEFECT>
    <SFA>
      <FILEPATH>d:\istvan\___oop\curs\curs7\petstorecosundo\consoleapplication4\</FILEPATH>
      <FILENAME>petservice.cpp</FILENAME>
      <LINE>138</LINE>
      <COLUMN>1</COLUMN>
    </SFA>
    <DEFECTCODE>26412</DEFECTCODE>
    <DESCRIPTION>Do not dereference an invalid pointer (lifetimes rule 1). 'v' was invalidated at line 125 by 'no initialization'.</DESCRIPTION>
    <FUNCTION>testSortare</FUNCTION>
    <DECORATED>?testSortare@@YAXXZ</DECORATED>
    <FUNCLINE>118</FUNCLINE>
    <PATH>
      <SFA>
        <FILEPATH>d:\istvan\___oop\curs\curs7\petstorecosundo\consoleapplication4\</FILEPATH>
        <FILENAME>petservice.cpp</FILENAME>
        <LINE>118</LINE>
        <COLUMN>5</COLUMN>
      </SFA>
      <SFA>
        <FILEPATH>d:\istvan\___oop\curs\curs7\petstorecosundo\consoleapplication4\</FILEPATH>
        <FILENAME>petservice.cpp</FILENAME>
        <LINE>119</LINE>
        <COLUMN>9</COLUMN>
      </SFA>
      <SFA>
        <FILEPATH>d:\istvan\___oop\curs\curs7\petstorecosundo\consoleapplication4\</FILEPATH>
        <FILENAME>petservice.cpp</FILENAME>
        <LINE>120</LINE>
        <COLUMN>15</COLUMN>
      </SFA>
      <SFA>
        <FILEPATH>d:\istvan\___oop\curs\curs7\petstorecosundo\consoleapplication4\</FILEPATH>
        <FILENAME>petservice.cpp</FILENAME>
        <LINE>121</LINE>
        <COLUMN>16</COLUMN>
      </SFA>
      <SFA>
        <FILEPATH>d:\istvan\___oop\curs\curs7\petstorecosundo\consoleapplication4\</FILEPATH>
        <FILENAME>petservice.cpp</FILENAME>
        <LINE>122</LINE>
        <COLUMN>16</COLUMN>
      </SFA>
      <SFA>
        <FILEPATH>d:\istvan\___oop\curs\curs7\petstorecosundo\consoleapplication4\</FILEPATH>
        <FILENAME>petservice.cpp</FILENAME>
        <LINE>123</LINE>
        <COLUMN>16</COLUMN>
      </SFA>
      <SFA>
        <FILEPATH>d:\istvan\___oop\curs\curs7\petstorecosundo\consoleapplication4\</FILEPATH>
        <FILENAME>petservice.cpp</FILENAME>
        <LINE>125</LINE>
        <COLUMN>18</COLUMN>
      </SFA>
      <SFA>
        <FILEPATH>d:\istvan\___oop\curs\curs7\petstorecosundo\consoleapplication4\</FILEPATH>
        <FILENAME>petservice.cpp</FILENAME>
        <LINE>126</LINE>
        <COLUMN>1</COLUMN>
      </SFA>
      <SFA>
        <FILEPATH>d:\istvan\___oop\curs\curs7\petstorecosundo\consoleapplication4\</FILEPATH>
        <FILENAME>petservice.cpp</FILENAME>
        <LINE>127</LINE>
        <COLUMN>1</COLUMN>
      </SFA>
      <SFA>
        <FILEPATH>d:\istvan\___oop\curs\curs7\petstorecosundo\consoleapplication4\</FILEPATH>
        <FILENAME>petservice.cpp</FILENAME>
        <LINE>128</LINE>
        <COLUMN>1</COLUMN>
      </SFA>
      <SFA>
        <FILEPATH>d:\istvan\___oop\curs\curs7\petstorecosundo\consoleapplication4\</FILEPATH>
        <FILENAME>petservice.cpp</FILENAME>
        <LINE>130</LINE>
        <COLUMN>18</COLUMN>
      </SFA>
      <SFA>
        <FILEPATH>d:\istvan\___oop\curs\curs7\petstorecosundo\consoleapplication4\</FILEPATH>
        <FILENAME>petservice.cpp</FILENAME>
        <LINE>131</LINE>
        <COLUMN>1</COLUMN>
      </SFA>
      <SFA>
        <FILEPATH>d:\istvan\___oop\curs\curs7\petstorecosundo\consoleapplication4\</FILEPATH>
        <FILENAME>petservice.cpp</FILENAME>
        <LINE>130</LINE>
        <COLUMN>40</COLUMN>
      </SFA>
      <SFA>
        <FILEPATH>d:\istvan\___oop\curs\curs7\petstorecosundo\consoleapplication4\</FILEPATH>
        <FILENAME>petservice.cpp</FILENAME>
        <LINE>125</LINE>
        <COLUMN>40</COLUMN>
      </SFA>
      <SFA>
        <FILEPATH>d:\istvan\___oop\curs\curs7\petstorecosundo\consoleapplication4\</FILEPATH>
        <FILENAME>petservice.cpp</FILENAME>
        <LINE>120</LINE>
        <COLUMN>18</COLUMN>
      </SFA>
      <SFA>
        <FILEPATH>d:\istvan\___oop\curs\curs7\petstorecosundo\consoleapplication4\</FILEPATH>
        <FILENAME>petservice.cpp</FILENAME>
        <LINE>119</LINE>
        <COLUMN>12</COLUMN>
      </SFA>
      <SFA>
        <FILEPATH>d:\istvan\___oop\curs\curs7\petstorecosundo\consoleapplication4\</FILEPATH>
        <FILENAME>petservice.cpp</FILENAME>
        <LINE>131</LINE>
        <COLUMN>1</COLUMN>
      </SFA>
      <SFA>
        <FILEPATH>d:\istvan\___oop\curs\curs7\petstorecosundo\consoleapplication4\</FILEPATH>
        <FILENAME>petservice.cpp</FILENAME>
        <LINE>132</LINE>
        <COLUMN>1</COLUMN>
      </SFA>
      <SFA>
        <FILEPATH>d:\istvan\___oop\curs\curs7\petstorecosundo\consoleapplication4\</FILEPATH>
        <FILENAME>petservice.cpp</FILENAME>
        <LINE>131</LINE>
        <COLUMN>1</COLUMN>
      </SFA>
      <SFA>
        <FILEPATH>d:\istvan\___oop\curs\curs7\petstorecosundo\consoleapplication4\</FILEPATH>
        <FILENAME>petservice.cpp</FILENAME>
        <LINE>130</LINE>
        <COLUMN>40</COLUMN>
      </SFA>
      <SFA>
        <FILEPATH>d:\istvan\___oop\curs\curs7\petstorecosundo\consoleapplication4\</FILEPATH>
        <FILENAME>petservice.cpp</FILENAME>
        <LINE>125</LINE>
        <COLUMN>40</COLUMN>
      </SFA>
      <SFA>
        <FILEPATH>d:\istvan\___oop\curs\curs7\petstorecosundo\consoleapplication4\</FILEPATH>
        <FILENAME>petservice.cpp</FILENAME>
        <LINE>120</LINE>
        <COLUMN>18</COLUMN>
      </SFA>
      <SFA>
        <FILEPATH>d:\istvan\___oop\curs\curs7\petstorecosundo\consoleapplication4\</FILEPATH>
        <FILENAME>petservice.cpp</FILENAME>
        <LINE>119</LINE>
        <COLUMN>12</COLUMN>
      </SFA>
      <SFA>
        <FILEPATH>d:\istvan\___oop\curs\curs7\petstorecosundo\consoleapplication4\</FILEPATH>
        <FILENAME>petservice.cpp</FILENAME>
        <LINE>132</LINE>
        <COLUMN>1</COLUMN>
      </SFA>
      <SFA>
        <FILEPATH>d:\istvan\___oop\curs\curs7\petstorecosundo\consoleapplication4\</FILEPATH>
        <FILENAME>petservice.cpp</FILENAME>
        <LINE>133</LINE>
        <COLUMN>1</COLUMN>
      </SFA>
      <SFA>
        <FILEPATH>d:\istvan\___oop\curs\curs7\petstorecosundo\consoleapplication4\</FILEPATH>
        <FILENAME>petservice.cpp</FILENAME>
        <LINE>132</LINE>
        <COLUMN>1</COLUMN>
      </SFA>
      <SFA>
        <FILEPATH>d:\istvan\___oop\curs\curs7\petstorecosundo\consoleapplication4\</FILEPATH>
        <FILENAME>petservice.cpp</FILENAME>
        <LINE>131</LINE>
        <COLUMN>1</COLUMN>
      </SFA>
      <SFA>
        <FILEPATH>d:\istvan\___oop\curs\curs7\petstorecosundo\consoleapplication4\</FILEPATH>
        <FILENAME>petservice.cpp</FILENAME>
        <LINE>130</LINE>
        <COLUMN>40</COLUMN>
      </SFA>
      <SFA>
        <FILEPATH>d:\istvan\___oop\curs\curs7\petstorecosundo\consoleapplication4\</FILEPATH>
        <FILENAME>petservice.cpp</FILENAME>
        <LINE>125</LINE>
        <COLUMN>40</COLUMN>
      </SFA>
      <SFA>
        <FILEPATH>d:\istvan\___oop\curs\curs7\petstorecosundo\consoleapplication4\</FILEPATH>
        <FILENAME>petservice.cpp</FILENAME>
        <LINE>120</LINE>
        <COLUMN>18</COLUMN>
      </SFA>
      <SFA>
        <FILEPATH>d:\istvan\___oop\curs\curs7\petstorecosundo\consoleapplication4\</FILEPATH>
        <FILENAME>petservice.cpp</FILENAME>
        <LINE>119</LINE>
        <COLUMN>12</COLUMN>
      </SFA>
      <SFA>
        <FILEPATH>d:\istvan\___oop\curs\curs7\petstorecosundo\consoleapplication4\</FILEPATH>
        <FILENAME>petservice.cpp</FILENAME>
        <LINE>133</LINE>
        <COLUMN>1</COLUMN>
      </SFA>
      <SFA>
        <FILEPATH>d:\istvan\___oop\curs\curs7\petstorecosundo\consoleapplication4\</FILEPATH>
        <FILENAME>petservice.cpp</FILENAME>
        <LINE>136</LINE>
        <COLUMN>3</COLUMN>
      </SFA>
      <SFA>
        <FILEPATH>d:\istvan\___oop\curs\curs7\petstorecosundo\consoleapplication4\</FILEPATH>
        <FILENAME>petservice.cpp</FILENAME>
        <LINE>137</LINE>
        <COLUMN>1</COLUMN>
      </SFA>
      <SFA>
        <FILEPATH>d:\istvan\___oop\curs\curs7\petstorecosundo\consoleapplication4\</FILEPATH>
        <FILENAME>petservice.cpp</FILENAME>
        <LINE>133</LINE>
        <COLUMN>1</COLUMN>
      </SFA>
      <SFA>
        <FILEPATH>d:\istvan\___oop\curs\curs7\petstorecosundo\consoleapplication4\</FILEPATH>
        <FILENAME>petservice.cpp</FILENAME>
        <LINE>132</LINE>
        <COLUMN>1</COLUMN>
      </SFA>
      <SFA>
        <FILEPATH>d:\istvan\___oop\curs\curs7\petstorecosundo\consoleapplication4\</FILEPATH>
        <FILENAME>petservice.cpp</FILENAME>
        <LINE>131</LINE>
        <COLUMN>1</COLUMN>
      </SFA>
      <SFA>
        <FILEPATH>d:\istvan\___oop\curs\curs7\petstorecosundo\consoleapplication4\</FILEPATH>
        <FILENAME>petservice.cpp</FILENAME>
        <LINE>130</LINE>
        <COLUMN>40</COLUMN>
      </SFA>
      <SFA>
        <FILEPATH>d:\istvan\___oop\curs\curs7\petstorecosundo\consoleapplication4\</FILEPATH>
        <FILENAME>petservice.cpp</FILENAME>
        <LINE>125</LINE>
        <COLUMN>40</COLUMN>
      </SFA>
      <SFA>
        <FILEPATH>d:\istvan\___oop\curs\curs7\petstorecosundo\consoleapplication4\</FILEPATH>
        <FILENAME>petservice.cpp</FILENAME>
        <LINE>120</LINE>
        <COLUMN>18</COLUMN>
      </SFA>
      <SFA>
        <FILEPATH>d:\istvan\___oop\curs\curs7\petstorecosundo\consoleapplication4\</FILEPATH>
        <FILENAME>petservice.cpp</FILENAME>
        <LINE>119</LINE>
        <COLUMN>12</COLUMN>
      </SFA>
      <SFA>
        <FILEPATH>d:\istvan\___oop\curs\curs7\petstorecosundo\consoleapplication4\</FILEPATH>
        <FILENAME>petservice.cpp</FILENAME>
        <LINE>137</LINE>
        <COLUMN>1</COLUMN>
      </SFA>
      <SFA>
        <FILEPATH>d:\istvan\___oop\curs\curs7\petstorecosundo\consoleapplication4\</FILEPATH>
        <FILENAME>petservice.cpp</FILENAME>
        <LINE>138</LINE>
        <COLUMN>1</COLUMN>
      </SFA>
    </PATH>
  </DEFECT>
  <DEFECT>
    <SFA>
      <FILEPATH>d:\istvan\___oop\curs\curs7\petstorecosundo\consoleapplication4\</FILEPATH>
      <FILENAME>petservice.cpp</FILENAME>
      <LINE>139</LINE>
      <COLUMN>1</COLUMN>
    </SFA>
    <DEFECTCODE>26412</DEFECTCODE>
    <DESCRIPTION>Do not dereference an invalid pointer (lifetimes rule 1). 'v' was invalidated at line 125 by 'no initialization'.</DESCRIPTION>
    <FUNCTION>testSortare</FUNCTION>
    <DECORATED>?testSortare@@YAXXZ</DECORATED>
    <FUNCLINE>118</FUNCLINE>
    <PATH>
      <SFA>
        <FILEPATH>d:\istvan\___oop\curs\curs7\petstorecosundo\consoleapplication4\</FILEPATH>
        <FILENAME>petservice.cpp</FILENAME>
        <LINE>118</LINE>
        <COLUMN>5</COLUMN>
      </SFA>
      <SFA>
        <FILEPATH>d:\istvan\___oop\curs\curs7\petstorecosundo\consoleapplication4\</FILEPATH>
        <FILENAME>petservice.cpp</FILENAME>
        <LINE>119</LINE>
        <COLUMN>9</COLUMN>
      </SFA>
      <SFA>
        <FILEPATH>d:\istvan\___oop\curs\curs7\petstorecosundo\consoleapplication4\</FILEPATH>
        <FILENAME>petservice.cpp</FILENAME>
        <LINE>120</LINE>
        <COLUMN>15</COLUMN>
      </SFA>
      <SFA>
        <FILEPATH>d:\istvan\___oop\curs\curs7\petstorecosundo\consoleapplication4\</FILEPATH>
        <FILENAME>petservice.cpp</FILENAME>
        <LINE>121</LINE>
        <COLUMN>16</COLUMN>
      </SFA>
      <SFA>
        <FILEPATH>d:\istvan\___oop\curs\curs7\petstorecosundo\consoleapplication4\</FILEPATH>
        <FILENAME>petservice.cpp</FILENAME>
        <LINE>122</LINE>
        <COLUMN>16</COLUMN>
      </SFA>
      <SFA>
        <FILEPATH>d:\istvan\___oop\curs\curs7\petstorecosundo\consoleapplication4\</FILEPATH>
        <FILENAME>petservice.cpp</FILENAME>
        <LINE>123</LINE>
        <COLUMN>16</COLUMN>
      </SFA>
      <SFA>
        <FILEPATH>d:\istvan\___oop\curs\curs7\petstorecosundo\consoleapplication4\</FILEPATH>
        <FILENAME>petservice.cpp</FILENAME>
        <LINE>125</LINE>
        <COLUMN>18</COLUMN>
      </SFA>
      <SFA>
        <FILEPATH>d:\istvan\___oop\curs\curs7\petstorecosundo\consoleapplication4\</FILEPATH>
        <FILENAME>petservice.cpp</FILENAME>
        <LINE>126</LINE>
        <COLUMN>1</COLUMN>
      </SFA>
      <SFA>
        <FILEPATH>d:\istvan\___oop\curs\curs7\petstorecosundo\consoleapplication4\</FILEPATH>
        <FILENAME>petservice.cpp</FILENAME>
        <LINE>127</LINE>
        <COLUMN>1</COLUMN>
      </SFA>
      <SFA>
        <FILEPATH>d:\istvan\___oop\curs\curs7\petstorecosundo\consoleapplication4\</FILEPATH>
        <FILENAME>petservice.cpp</FILENAME>
        <LINE>128</LINE>
        <COLUMN>1</COLUMN>
      </SFA>
      <SFA>
        <FILEPATH>d:\istvan\___oop\curs\curs7\petstorecosundo\consoleapplication4\</FILEPATH>
        <FILENAME>petservice.cpp</FILENAME>
        <LINE>130</LINE>
        <COLUMN>18</COLUMN>
      </SFA>
      <SFA>
        <FILEPATH>d:\istvan\___oop\curs\curs7\petstorecosundo\consoleapplication4\</FILEPATH>
        <FILENAME>petservice.cpp</FILENAME>
        <LINE>131</LINE>
        <COLUMN>1</COLUMN>
      </SFA>
      <SFA>
        <FILEPATH>d:\istvan\___oop\curs\curs7\petstorecosundo\consoleapplication4\</FILEPATH>
        <FILENAME>petservice.cpp</FILENAME>
        <LINE>130</LINE>
        <COLUMN>40</COLUMN>
      </SFA>
      <SFA>
        <FILEPATH>d:\istvan\___oop\curs\curs7\petstorecosundo\consoleapplication4\</FILEPATH>
        <FILENAME>petservice.cpp</FILENAME>
        <LINE>125</LINE>
        <COLUMN>40</COLUMN>
      </SFA>
      <SFA>
        <FILEPATH>d:\istvan\___oop\curs\curs7\petstorecosundo\consoleapplication4\</FILEPATH>
        <FILENAME>petservice.cpp</FILENAME>
        <LINE>120</LINE>
        <COLUMN>18</COLUMN>
      </SFA>
      <SFA>
        <FILEPATH>d:\istvan\___oop\curs\curs7\petstorecosundo\consoleapplication4\</FILEPATH>
        <FILENAME>petservice.cpp</FILENAME>
        <LINE>119</LINE>
        <COLUMN>12</COLUMN>
      </SFA>
      <SFA>
        <FILEPATH>d:\istvan\___oop\curs\curs7\petstorecosundo\consoleapplication4\</FILEPATH>
        <FILENAME>petservice.cpp</FILENAME>
        <LINE>131</LINE>
        <COLUMN>1</COLUMN>
      </SFA>
      <SFA>
        <FILEPATH>d:\istvan\___oop\curs\curs7\petstorecosundo\consoleapplication4\</FILEPATH>
        <FILENAME>petservice.cpp</FILENAME>
        <LINE>132</LINE>
        <COLUMN>1</COLUMN>
      </SFA>
      <SFA>
        <FILEPATH>d:\istvan\___oop\curs\curs7\petstorecosundo\consoleapplication4\</FILEPATH>
        <FILENAME>petservice.cpp</FILENAME>
        <LINE>131</LINE>
        <COLUMN>1</COLUMN>
      </SFA>
      <SFA>
        <FILEPATH>d:\istvan\___oop\curs\curs7\petstorecosundo\consoleapplication4\</FILEPATH>
        <FILENAME>petservice.cpp</FILENAME>
        <LINE>130</LINE>
        <COLUMN>40</COLUMN>
      </SFA>
      <SFA>
        <FILEPATH>d:\istvan\___oop\curs\curs7\petstorecosundo\consoleapplication4\</FILEPATH>
        <FILENAME>petservice.cpp</FILENAME>
        <LINE>125</LINE>
        <COLUMN>40</COLUMN>
      </SFA>
      <SFA>
        <FILEPATH>d:\istvan\___oop\curs\curs7\petstorecosundo\consoleapplication4\</FILEPATH>
        <FILENAME>petservice.cpp</FILENAME>
        <LINE>120</LINE>
        <COLUMN>18</COLUMN>
      </SFA>
      <SFA>
        <FILEPATH>d:\istvan\___oop\curs\curs7\petstorecosundo\consoleapplication4\</FILEPATH>
        <FILENAME>petservice.cpp</FILENAME>
        <LINE>119</LINE>
        <COLUMN>12</COLUMN>
      </SFA>
      <SFA>
        <FILEPATH>d:\istvan\___oop\curs\curs7\petstorecosundo\consoleapplication4\</FILEPATH>
        <FILENAME>petservice.cpp</FILENAME>
        <LINE>132</LINE>
        <COLUMN>1</COLUMN>
      </SFA>
      <SFA>
        <FILEPATH>d:\istvan\___oop\curs\curs7\petstorecosundo\consoleapplication4\</FILEPATH>
        <FILENAME>petservice.cpp</FILENAME>
        <LINE>133</LINE>
        <COLUMN>1</COLUMN>
      </SFA>
      <SFA>
        <FILEPATH>d:\istvan\___oop\curs\curs7\petstorecosundo\consoleapplication4\</FILEPATH>
        <FILENAME>petservice.cpp</FILENAME>
        <LINE>132</LINE>
        <COLUMN>1</COLUMN>
      </SFA>
      <SFA>
        <FILEPATH>d:\istvan\___oop\curs\curs7\petstorecosundo\consoleapplication4\</FILEPATH>
        <FILENAME>petservice.cpp</FILENAME>
        <LINE>131</LINE>
        <COLUMN>1</COLUMN>
      </SFA>
      <SFA>
        <FILEPATH>d:\istvan\___oop\curs\curs7\petstorecosundo\consoleapplication4\</FILEPATH>
        <FILENAME>petservice.cpp</FILENAME>
        <LINE>130</LINE>
        <COLUMN>40</COLUMN>
      </SFA>
      <SFA>
        <FILEPATH>d:\istvan\___oop\curs\curs7\petstorecosundo\consoleapplication4\</FILEPATH>
        <FILENAME>petservice.cpp</FILENAME>
        <LINE>125</LINE>
        <COLUMN>40</COLUMN>
      </SFA>
      <SFA>
        <FILEPATH>d:\istvan\___oop\curs\curs7\petstorecosundo\consoleapplication4\</FILEPATH>
        <FILENAME>petservice.cpp</FILENAME>
        <LINE>120</LINE>
        <COLUMN>18</COLUMN>
      </SFA>
      <SFA>
        <FILEPATH>d:\istvan\___oop\curs\curs7\petstorecosundo\consoleapplication4\</FILEPATH>
        <FILENAME>petservice.cpp</FILENAME>
        <LINE>119</LINE>
        <COLUMN>12</COLUMN>
      </SFA>
      <SFA>
        <FILEPATH>d:\istvan\___oop\curs\curs7\petstorecosundo\consoleapplication4\</FILEPATH>
        <FILENAME>petservice.cpp</FILENAME>
        <LINE>133</LINE>
        <COLUMN>1</COLUMN>
      </SFA>
      <SFA>
        <FILEPATH>d:\istvan\___oop\curs\curs7\petstorecosundo\consoleapplication4\</FILEPATH>
        <FILENAME>petservice.cpp</FILENAME>
        <LINE>136</LINE>
        <COLUMN>3</COLUMN>
      </SFA>
      <SFA>
        <FILEPATH>d:\istvan\___oop\curs\curs7\petstorecosundo\consoleapplication4\</FILEPATH>
        <FILENAME>petservice.cpp</FILENAME>
        <LINE>137</LINE>
        <COLUMN>1</COLUMN>
      </SFA>
      <SFA>
        <FILEPATH>d:\istvan\___oop\curs\curs7\petstorecosundo\consoleapplication4\</FILEPATH>
        <FILENAME>petservice.cpp</FILENAME>
        <LINE>133</LINE>
        <COLUMN>1</COLUMN>
      </SFA>
      <SFA>
        <FILEPATH>d:\istvan\___oop\curs\curs7\petstorecosundo\consoleapplication4\</FILEPATH>
        <FILENAME>petservice.cpp</FILENAME>
        <LINE>132</LINE>
        <COLUMN>1</COLUMN>
      </SFA>
      <SFA>
        <FILEPATH>d:\istvan\___oop\curs\curs7\petstorecosundo\consoleapplication4\</FILEPATH>
        <FILENAME>petservice.cpp</FILENAME>
        <LINE>131</LINE>
        <COLUMN>1</COLUMN>
      </SFA>
      <SFA>
        <FILEPATH>d:\istvan\___oop\curs\curs7\petstorecosundo\consoleapplication4\</FILEPATH>
        <FILENAME>petservice.cpp</FILENAME>
        <LINE>130</LINE>
        <COLUMN>40</COLUMN>
      </SFA>
      <SFA>
        <FILEPATH>d:\istvan\___oop\curs\curs7\petstorecosundo\consoleapplication4\</FILEPATH>
        <FILENAME>petservice.cpp</FILENAME>
        <LINE>125</LINE>
        <COLUMN>40</COLUMN>
      </SFA>
      <SFA>
        <FILEPATH>d:\istvan\___oop\curs\curs7\petstorecosundo\consoleapplication4\</FILEPATH>
        <FILENAME>petservice.cpp</FILENAME>
        <LINE>120</LINE>
        <COLUMN>18</COLUMN>
      </SFA>
      <SFA>
        <FILEPATH>d:\istvan\___oop\curs\curs7\petstorecosundo\consoleapplication4\</FILEPATH>
        <FILENAME>petservice.cpp</FILENAME>
        <LINE>119</LINE>
        <COLUMN>12</COLUMN>
      </SFA>
      <SFA>
        <FILEPATH>d:\istvan\___oop\curs\curs7\petstorecosundo\consoleapplication4\</FILEPATH>
        <FILENAME>petservice.cpp</FILENAME>
        <LINE>137</LINE>
        <COLUMN>1</COLUMN>
      </SFA>
      <SFA>
        <FILEPATH>d:\istvan\___oop\curs\curs7\petstorecosundo\consoleapplication4\</FILEPATH>
        <FILENAME>petservice.cpp</FILENAME>
        <LINE>138</LINE>
        <COLUMN>1</COLUMN>
      </SFA>
      <SFA>
        <FILEPATH>d:\istvan\___oop\curs\curs7\petstorecosundo\consoleapplication4\</FILEPATH>
        <FILENAME>petservice.cpp</FILENAME>
        <LINE>137</LINE>
        <COLUMN>1</COLUMN>
      </SFA>
      <SFA>
        <FILEPATH>d:\istvan\___oop\curs\curs7\petstorecosundo\consoleapplication4\</FILEPATH>
        <FILENAME>petservice.cpp</FILENAME>
        <LINE>133</LINE>
        <COLUMN>1</COLUMN>
      </SFA>
      <SFA>
        <FILEPATH>d:\istvan\___oop\curs\curs7\petstorecosundo\consoleapplication4\</FILEPATH>
        <FILENAME>petservice.cpp</FILENAME>
        <LINE>132</LINE>
        <COLUMN>1</COLUMN>
      </SFA>
      <SFA>
        <FILEPATH>d:\istvan\___oop\curs\curs7\petstorecosundo\consoleapplication4\</FILEPATH>
        <FILENAME>petservice.cpp</FILENAME>
        <LINE>131</LINE>
        <COLUMN>1</COLUMN>
      </SFA>
      <SFA>
        <FILEPATH>d:\istvan\___oop\curs\curs7\petstorecosundo\consoleapplication4\</FILEPATH>
        <FILENAME>petservice.cpp</FILENAME>
        <LINE>130</LINE>
        <COLUMN>40</COLUMN>
      </SFA>
      <SFA>
        <FILEPATH>d:\istvan\___oop\curs\curs7\petstorecosundo\consoleapplication4\</FILEPATH>
        <FILENAME>petservice.cpp</FILENAME>
        <LINE>125</LINE>
        <COLUMN>40</COLUMN>
      </SFA>
      <SFA>
        <FILEPATH>d:\istvan\___oop\curs\curs7\petstorecosundo\consoleapplication4\</FILEPATH>
        <FILENAME>petservice.cpp</FILENAME>
        <LINE>120</LINE>
        <COLUMN>18</COLUMN>
      </SFA>
      <SFA>
        <FILEPATH>d:\istvan\___oop\curs\curs7\petstorecosundo\consoleapplication4\</FILEPATH>
        <FILENAME>petservice.cpp</FILENAME>
        <LINE>119</LINE>
        <COLUMN>12</COLUMN>
      </SFA>
      <SFA>
        <FILEPATH>d:\istvan\___oop\curs\curs7\petstorecosundo\consoleapplication4\</FILEPATH>
        <FILENAME>petservice.cpp</FILENAME>
        <LINE>138</LINE>
        <COLUMN>1</COLUMN>
      </SFA>
      <SFA>
        <FILEPATH>d:\istvan\___oop\curs\curs7\petstorecosundo\consoleapplication4\</FILEPATH>
        <FILENAME>petservice.cpp</FILENAME>
        <LINE>139</LINE>
        <COLUMN>1</COLUMN>
      </SFA>
    </PATH>
  </DEFECT>
  <DEFECT>
    <SFA>
      <FILEPATH>d:\istvan\___oop\curs\curs7\petstorecosundo\consoleapplication4\</FILEPATH>
      <FILENAME>petservice.cpp</FILENAME>
      <LINE>120</LINE>
      <COLUMN>18</COLUMN>
    </SFA>
    <DEFECTCODE>26486</DEFECTCODE>
    <DESCRIPTION>Don't pass a pointer that may be invalid to a function. Parameter 1 'rep.{vfptr}' in call to 'PetController::PetController' may be invalid (lifetime.1: http://go.microsoft.com/fwlink/p/?LinkID=851958).</DESCRIPTION>
    <FUNCTION>testSortare</FUNCTION>
    <DECORATED>?testSortare@@YAXXZ</DECORATED>
    <FUNCLINE>118</FUNCLINE>
    <PATH>
      <SFA>
        <FILEPATH>d:\istvan\___oop\curs\curs7\petstorecosundo\consoleapplication4\</FILEPATH>
        <FILENAME>petservice.cpp</FILENAME>
        <LINE>119</LINE>
        <COLUMN>9</COLUMN>
      </SFA>
    </PATH>
  </DEFECT>
  <DEFECT>
    <SFA>
      <FILEPATH>d:\istvan\___oop\curs\curs7\petstorecosundo\consoleapplication4\</FILEPATH>
      <FILENAME>petservice.cpp</FILENAME>
      <LINE>145</LINE>
      <COLUMN>18</COLUMN>
    </SFA>
    <DEFECTCODE>26486</DEFECTCODE>
    <DESCRIPTION>Don't pass a pointer that may be invalid to a function. Parameter 1 'rep.{vfptr}' in call to 'PetController::PetController' may be invalid (lifetime.1: http://go.microsoft.com/fwlink/p/?LinkID=851958).</DESCRIPTION>
    <FUNCTION>testUndo</FUNCTION>
    <DECORATED>?testUndo@@YAXXZ</DECORATED>
    <FUNCLINE>143</FUNCLINE>
    <PATH>
      <SFA>
        <FILEPATH>d:\istvan\___oop\curs\curs7\petstorecosundo\consoleapplication4\</FILEPATH>
        <FILENAME>petservice.cpp</FILENAME>
        <LINE>144</LINE>
        <COLUMN>9</COLUMN>
      </SFA>
    </PATH>
  </DEFECT>
  <DEFECT>
    <SFA>
      <FILEPATH>d:\istvan\___oop\curs\curs7\petstorecosundo\consoleapplication4\</FILEPATH>
      <FILENAME>petservice.cpp</FILENAME>
      <LINE>165</LINE>
      <COLUMN>18</COLUMN>
    </SFA>
    <DEFECTCODE>26486</DEFECTCODE>
    <DESCRIPTION>Don't pass a pointer that may be invalid to a function. Parameter 1 'rep.{vfptr}' in call to 'PetController::PetController' may be invalid (lifetime.1: http://go.microsoft.com/fwlink/p/?LinkID=851958).</DESCRIPTION>
    <FUNCTION>testAdauga</FUNCTION>
    <DECORATED>?testAdauga@@YAXXZ</DECORATED>
    <FUNCLINE>163</FUNCLINE>
    <PATH>
      <SFA>
        <FILEPATH>d:\istvan\___oop\curs\curs7\petstorecosundo\consoleapplication4\</FILEPATH>
        <FILENAME>petservice.cpp</FILENAME>
        <LINE>164</LINE>
        <COLUMN>9</COLUMN>
      </SFA>
    </PATH>
  </DEFECT>
  <DEFECT>
    <SFA>
      <FILEPATH>d:\istvan\___oop\curs\curs7\petstorecosundo\consoleapplication4\</FILEPATH>
      <FILENAME>petservice.cpp</FILENAME>
      <LINE>180</LINE>
      <COLUMN>18</COLUMN>
    </SFA>
    <DEFECTCODE>26486</DEFECTCODE>
    <DESCRIPTION>Don't pass a pointer that may be invalid to a function. Parameter 1 'rep.{vfptr}' in call to 'PetController::PetController' may be invalid (lifetime.1: http://go.microsoft.com/fwlink/p/?LinkID=851958).</DESCRIPTION>
    <FUNCTION>testCos</FUNCTION>
    <DECORATED>?testCos@@YAXXZ</DECORATED>
    <FUNCLINE>178</FUNCLINE>
    <PATH>
      <SFA>
        <FILEPATH>d:\istvan\___oop\curs\curs7\petstorecosundo\consoleapplication4\</FILEPATH>
        <FILENAME>petservice.cpp</FILENAME>
        <LINE>179</LINE>
        <COLUMN>9</COLUMN>
      </SFA>
    </PATH>
  </DEFECT>
  <DEFECT>
    <SFA>
      <FILEPATH>d:\istvan\___oop\curs\curs7\petstorecosundo\consoleapplication4\</FILEPATH>
      <FILENAME>petservice.cpp</FILENAME>
      <LINE>202</LINE>
      <COLUMN>18</COLUMN>
    </SFA>
    <DEFECTCODE>26486</DEFECTCODE>
    <DESCRIPTION>Don't pass a pointer that may be invalid to a function. Parameter 1 'rep.{vfptr}' in call to 'PetController::PetController' may be invalid (lifetime.1: http://go.microsoft.com/fwlink/p/?LinkID=851958).</DESCRIPTION>
    <FUNCTION>testExporta</FUNCTION>
    <DECORATED>?testExporta@@YAXXZ</DECORATED>
    <FUNCLINE>200</FUNCLINE>
    <PATH>
      <SFA>
        <FILEPATH>d:\istvan\___oop\curs\curs7\petstorecosundo\consoleapplication4\</FILEPATH>
        <FILENAME>petservice.cpp</FILENAME>
        <LINE>201</LINE>
        <COLUMN>9</COLUMN>
      </SFA>
    </PATH>
  </DEFECT>
</DEFECTS>