<?xml version="1.0" encoding="UTF-8"?>
<beans xmlns="http://www.springframework.org/schema/beans"
       xmlns:xsi="http://www.w3.org/2001/XMLSchema-instance" xmlns:util="http://www.springframework.org/schema/util"
       xsi:schemaLocation="http://www.springframework.org/schema/beans http://www.springframework.org/schema/beans/spring-beans.xsd http://www.springframework.org/schema/util http://www.springframework.org/schema/util/spring-util.xsd">

    <util:properties id="jdbcProps1">
        <prop key="tasks.jdbc.driver">org.sqlite.JDBC</prop>
        <prop key="tasks.jdbc.url">jdbc:sqlite:/Users/grigo/didactic/MPP/ExempleCurs/2017/Curs3/TaskSpringXML/tasks.db</prop>
    </util:properties>

    <util:properties id="jdbcProps" location="classpath:bd.config"/>

    <bean id="val" class="tasks.repository.SortingTaskValidator"/>


    <bean id="repo" class="tasks.repository.SortingTaskJdbcRepository">
        <constructor-arg ref="jdbcProps"/>
    </bean>

    <bean id="repo2" class="tasks.repository.SortingTaskInMemoryRepository">
        <constructor-arg ref="val"/>
    </bean>

    <bean id="obsTaskRunner" class="tasks.utils.ObservableTaskRunner">
        <constructor-arg>
            <bean class="tasks.utils.TaskStack"/>
        </constructor-arg>
    </bean>

    <bean id="taskService" class="tasks.service.TaskService">
        <constructor-arg ref="repo2"/>
        <constructor-arg ref="obsTaskRunner"/>
    </bean>

</beans>